scraped_at,carpark_id,guest_available,guest_display,guest_total,is_capped,monthly_available,monthly_total,total_available,total_capacity,last_update
2026-01-29T00:53:28.433313+00:00,00000000-0000-0000-00000000012a,10,10+,152,1,1,1,11,153,2026-01-29T00:52:50Z
2026-01-29T00:53:28.433313+00:00,00000000-0000-0000-0000000000d8,10,10+,106,1,58,58,68,164,2026-01-29T00:52:50Z
2026-01-29T00:53:28.433313+00:00,00000000-0000-0000-0000000000ff,10,10+,137,1,6,6,16,143,2026-01-29T00:52:50Z
2026-01-29T00:53:28.433313+00:00,00000000-0000-0000-000000000119,10,10+,120,1,30,30,40,150,2026-01-29T00:52:50Z
2026-01-29T00:53:28.433313+00:00,00000000-0000-0000-000000000103,10,10+,511,1,31,31,41,542,2026-01-29T00:52:50Z
2026-01-29T00:53:28.433313+00:00,00000000-0000-0000-0000000000f8,10,10+,59,1,11,11,21,70,2026-01-29T00:52:50Z
2026-01-29T00:53:28.433313+00:00,00000000-0000-0000-000000000121,10,10+,305,1,30,30,40,335,2026-01-29T00:52:50Z
2026-01-29T00:53:28.433313+00:00,00000000-0000-0000-00000000010a,10,10+,133,1,12,12,22,145,2026-01-29T00:52:50Z
2026-01-29T00:53:28.433313+00:00,00000000-0000-0000-00000000007d,10,10+,334,1,558,558,568,892,2026-01-29T00:52:50Z
2026-01-29T00:53:28.433313+00:00,00000000-0000-0000-000000000124,10,10+,137,1,0,0,10,137,2026-01-29T00:52:50Z
2026-01-29T00:53:28.433313+00:00,00000000-0000-0000-00000000011d,10,10+,108,1,15,15,25,123,2026-01-29T00:52:50Z
2026-01-29T00:53:28.433313+00:00,00000000-0000-0000-000000000102,10,10+,270,1,19,19,29,289,2026-01-29T00:52:50Z
2026-01-29T00:53:28.433313+00:00,00000000-0000-0000-000000000118,10,10+,857,1,26,26,36,883,2026-01-29T00:52:50Z
2026-01-29T00:53:28.433313+00:00,00000000-0000-0000-00000000011c,10,10+,189,1,4,4,14,193,2026-01-29T00:52:50Z
2026-01-29T00:53:28.433313+00:00,00000000-0000-0000-000000000122,10,10+,50,1,6,6,16,56,2026-01-29T00:52:50Z
2026-01-29T00:53:28.433313+00:00,00000000-0000-0000-00000000011e,10,10+,316,1,10,10,20,326,2026-01-29T00:52:50Z
2026-01-29T00:53:28.433313+00:00,00000000-0000-0000-0000000000dc,10,10+,107,1,0,0,10,107,2026-01-29T00:52:50Z
2026-01-29T00:53:28.433313+00:00,00000000-0000-0000-00000000019e,0,0,22,0,0,0,0,22,2026-01-29T00:52:50Z
2026-01-29T00:53:28.433313+00:00,00000000-0000-0000-000000000196,10,10+,52,1,6,6,16,58,2026-01-29T00:52:50Z
2026-01-29T00:53:28.433313+00:00,00000000-0000-0000-0000000000f4,10,10+,79,1,6,6,16,85,2026-01-29T00:52:50Z
2026-01-29T00:53:28.433313+00:00,00000000-0000-0000-0000000000d7,10,10+,215,1,5,5,15,220,2026-01-29T00:52:50Z
2026-01-29T00:53:28.433313+00:00,00000000-0000-0000-00000000019d,10,10+,32,1,3,3,13,35,2026-01-29T00:52:50Z
2026-01-29T00:53:28.433313+00:00,00000000-0000-0000-0000000000c2,10,10+,170,1,0,0,10,170,2026-01-29T00:52:50Z
2026-01-29T00:53:28.433313+00:00,00000000-0000-0000-000000000129,10,10+,320,1,0,0,10,320,2026-01-29T00:52:25Z
2026-01-29T00:53:28.433313+00:00,00000000-0000-0000-000000000128,10,10+,130,1,0,0,10,130,2026-01-29T00:52:31Z
2026-01-29T00:53:28.433313+00:00,00000000-0000-0000-000000000127,10,10+,180,1,0,0,10,180,2026-01-29T00:52:37Z
2026-01-29T00:53:28.433313+00:00,00000000-0000-0000-000000000191,10,10+,51,1,2,2,12,53,2026-01-29T00:52:50Z
2026-01-29T00:53:28.433313+00:00,00000000-0000-0000-00000000001b,10,10+,114,1,2,2,12,116,2026-01-29T00:52:50Z
2026-01-29T00:53:28.433313+00:00,00000000-0000-0000-0000000000c8,10,10+,510,1,20,20,30,530,2026-01-29T00:52:50Z
2026-01-29T00:53:28.433313+00:00,00000000-0000-0000-0000000000b4,10,10+,54,1,0,0,10,54,2026-01-29T00:52:50Z
2026-01-29T00:53:28.433313+00:00,00000000-0000-0000-0000000000f5,10,10+,75,1,1,1,11,76,2026-01-29T00:52:50Z
2026-01-29T00:53:28.433313+00:00,00000000-0000-0000-0000000000f2,10,10+,95,1,1,1,11,96,2026-01-29T00:52:50Z
2026-01-29T00:53:28.433313+00:00,00000000-0000-0000-0000000000a6,10,10+,77,1,3,3,13,80,2026-01-29T00:52:50Z
2026-01-29T00:53:28.433313+00:00,00000000-0000-0000-0000000001a6,10,10+,51,1,1,1,11,52,2026-01-29T00:52:50Z
2026-01-29T00:53:28.433313+00:00,00000000-0000-0000-0000000000c3,10,10+,128,1,12,12,22,140,2026-01-29T00:52:50Z
2026-01-29T00:53:28.433313+00:00,00000000-0000-0000-0000000000b9,1,1,43,0,0,0,1,43,2026-01-29T00:52:50Z
2026-01-29T00:53:28.433313+00:00,00000000-0000-0000-0000000000bc,10,10+,77,1,2,2,12,79,2026-01-29T00:52:50Z
2026-01-29T00:53:28.433313+00:00,00000000-0000-0000-000000000109,10,10+,269,1,0,0,10,269,2026-01-29T00:52:50Z
2026-01-29T00:53:28.433313+00:00,00000000-0000-0000-000000000105,10,10+,183,1,37,37,47,220,2026-01-29T00:52:50Z
2026-01-29T00:53:28.433313+00:00,00000000-0000-0000-000000000126,10,10+,95,1,7,7,17,102,2026-01-29T00:52:50Z
2026-01-29T00:53:28.433313+00:00,00000000-0000-0000-000000000101,10,10+,371,1,83,83,93,454,2026-01-29T00:52:50Z
2026-01-29T00:53:28.433313+00:00,00000000-0000-0000-000000000117,10,10+,303,1,34,34,44,337,2026-01-29T00:52:50Z
2026-01-29T00:53:28.433313+00:00,00000000-0000-0000-0000000001c3,10,10+,506,1,95,95,105,601,2026-01-29T00:52:50Z
2026-01-29T00:53:28.433313+00:00,00000000-0000-0000-0000000000a4,10,10+,192,1,10,10,20,202,2026-01-29T00:52:50Z
2026-01-29T00:53:28.433313+00:00,00000000-0000-0000-0000000000ae,10,10+,319,1,28,28,38,347,2026-01-29T00:52:50Z
2026-01-29T00:53:28.433313+00:00,00000000-0000-0000-00000000019a,10,10+,830,1,26,26,36,856,2026-01-29T00:52:50Z
2026-01-29T00:53:28.433313+00:00,00000000-0000-0000-00000000010b,10,10+,260,1,0,0,10,260,2026-01-29T00:50:51Z
2026-01-29T00:53:28.433313+00:00,00000000-0000-0000-000000000079,10,10+,85,1,0,0,10,85,2026-01-29T00:52:50Z
2026-01-29T00:53:28.433313+00:00,00000000-0000-0000-00000000006c,10,10+,155,1,0,0,10,155,2026-01-29T00:52:50Z
2026-01-29T00:53:28.433313+00:00,00000000-0000-0000-0000000000dd,10,10+,154,1,31,31,41,185,2026-01-29T00:52:50Z
2026-01-29T00:53:28.433313+00:00,00000000-0000-0000-0000000000de,10,10+,85,1,37,37,47,122,2026-01-29T00:52:50Z
2026-01-29T00:53:28.433313+00:00,00000000-0000-0000-0000000000db,10,10+,119,1,1,1,11,120,2026-01-29T00:52:50Z
2026-01-29T00:53:28.433313+00:00,00000000-0000-0000-0000000001a4,9,9,36,0,0,0,9,36,2026-01-29T00:52:50Z
2026-01-29T00:53:28.433313+00:00,00000000-0000-0000-0000000000c5,10,10+,37,1,3,3,13,40,2026-01-29T00:52:50Z
2026-01-29T00:53:28.433313+00:00,00000000-0000-0000-000000000199,10,10+,637,1,10,10,20,647,2026-01-29T00:52:50Z
2026-01-29T00:53:28.433313+00:00,00000000-0000-0000-00000000018d,10,10+,29,1,1,1,11,30,2026-01-29T00:52:50Z
2026-01-29T00:53:28.433313+00:00,00000000-0000-0000-0000000000a7,10,10+,156,1,14,14,24,170,2026-01-29T00:52:50Z
2026-01-29T00:53:28.433313+00:00,00000000-0000-0000-0000000000b6,10,10+,71,1,6,6,16,77,2026-01-29T00:52:50Z
2026-01-29T00:53:28.433313+00:00,00000000-0000-0000-000000000120,10,10+,280,1,27,27,37,307,2026-01-29T00:52:50Z
2026-01-29T00:53:28.433313+00:00,00000000-0000-0000-0000000000a9,10,10+,48,1,5,5,15,53,2026-01-29T00:52:50Z
2026-01-29T00:53:28.433313+00:00,00000000-0000-0000-0000000000b2,10,10+,85,1,1,1,11,86,2026-01-29T00:52:50Z
2026-01-29T00:53:28.433313+00:00,00000000-0000-0000-0000000000b3,10,10+,83,1,7,7,17,90,2026-01-29T00:52:50Z
2026-01-29T00:53:28.433313+00:00,00000000-0000-0000-0000000000cc,10,10+,282,1,43,43,53,325,2026-01-29T00:52:50Z
2026-01-29T00:53:28.433313+00:00,00000000-0000-0000-0000000000ac,10,10+,342,1,0,0,10,342,2026-01-29T00:52:50Z
2026-01-29T00:53:28.433313+00:00,00000000-0000-0000-0000000000c9,10,10+,85,1,0,0,10,85,2026-01-29T00:52:50Z
2026-01-29T00:53:28.433313+00:00,00000000-0000-0000-0000000000cb,10,10+,349,1,13,13,23,362,2026-01-29T00:52:50Z
2026-01-29T00:53:28.433313+00:00,00000000-0000-0000-0000000000d0,10,10+,174,1,61,61,71,235,2026-01-29T00:52:50Z
2026-01-29T00:53:28.433313+00:00,00000000-0000-0000-000000000197,10,10+,131,1,2,2,12,133,2026-01-29T00:52:50Z
2026-01-29T00:53:28.433313+00:00,00000000-0000-0000-00000000000e,10,10+,60,1,0,0,10,60,2026-01-29T00:52:50Z
2026-01-29T00:53:28.433313+00:00,00000000-0000-0000-00000000007a,10,10+,157,1,0,0,10,157,2026-01-29T00:52:50Z
2026-01-29T00:53:28.433313+00:00,00000000-0000-0000-0000000000ec,10,10+,25,1,0,0,10,25,2026-01-29T00:52:50Z
2026-01-29T00:53:28.433313+00:00,00000000-0000-0000-000000000011,10,10+,133,1,96,96,106,229,2026-01-29T00:52:50Z
2026-01-29T00:53:28.433313+00:00,00000000-0000-0000-000000000074,10,10+,135,1,0,0,10,135,2026-01-29T00:52:50Z
2026-01-29T00:53:28.433313+00:00,00000000-0000-0000-0000000000fe,10,10+,49,1,2,2,12,51,2026-01-29T00:52:50Z
2026-01-29T00:53:28.433313+00:00,00000000-0000-0000-0000000000af,10,10+,50,1,0,0,10,50,2026-01-29T00:52:50Z
2026-01-29T00:53:28.433313+00:00,00000000-0000-0000-00000000001f,10,10+,156,1,19,19,29,175,2026-01-29T00:52:50Z
2026-01-29T00:53:28.433313+00:00,00000000-0000-0000-0000000000eb,10,10+,37,1,3,3,13,40,2026-01-29T00:52:50Z
2026-01-29T00:53:28.433313+00:00,00000000-0000-0000-0000000000c4,10,10+,36,1,0,0,10,36,2026-01-29T00:52:50Z
2026-01-29T00:53:28.433313+00:00,00000000-0000-0000-000000000152,10,10+,54,1,0,0,10,54,2026-01-29T00:52:50Z
2026-01-29T00:53:28.433313+00:00,00000000-0000-0000-0000000001b2,10,10+,118,1,0,0,10,118,2026-01-29T00:52:50Z
2026-01-29T00:53:28.433313+00:00,00000000-0000-0000-00000000006f,10,10+,66,1,4,4,14,70,2026-01-29T00:52:50Z
2026-01-29T00:53:28.433313+00:00,00000000-0000-0000-00000000000f,10,10+,117,1,38,38,48,155,2026-01-29T00:52:50Z
2026-01-29T00:53:28.433313+00:00,00000000-0000-0000-00000000011b,10,10+,69,1,0,0,10,69,2026-01-29T00:52:50Z
2026-01-29T00:53:28.433313+00:00,00000000-0000-0000-00000000006d,10,10+,34,1,0,0,10,34,2026-01-29T00:52:50Z
2026-01-29T00:53:28.433313+00:00,00000000-0000-0000-000000000010,10,10+,207,1,59,59,69,266,2026-01-29T00:52:50Z
2026-01-29T00:53:28.433313+00:00,00000000-0000-0000-0000000000b7,10,10+,42,1,0,0,10,42,2026-01-29T00:52:50Z
2026-01-29T00:53:28.433313+00:00,00000000-0000-0000-00000000010f,10,10+,90,1,10,10,20,100,2026-01-29T00:52:50Z
2026-01-29T00:53:28.433313+00:00,00000000-0000-0000-000000000065,10,10+,52,1,0,0,10,52,2026-01-29T00:52:50Z
2026-01-29T00:53:28.433313+00:00,00000000-0000-0000-00000000002c,10,10+,173,1,45,45,55,218,2026-01-29T00:52:50Z
2026-01-29T00:53:28.433313+00:00,00000000-0000-0000-00000000019f,10,10+,80,1,1,1,11,81,2026-01-29T00:52:50Z
2026-01-29T00:53:28.433313+00:00,00000000-0000-0000-0000000000cd,10,10+,66,1,23,23,33,89,2026-01-29T00:52:50Z
2026-01-29T00:53:28.433313+00:00,00000000-0000-0000-0000000000cf,10,10+,77,1,27,27,37,104,2026-01-29T00:52:50Z
2026-01-29T00:53:28.433313+00:00,00000000-0000-0000-000000000123,7,7,42,0,0,0,7,42,2026-01-29T00:52:50Z
2026-01-29T00:53:28.433313+00:00,00000000-0000-0000-00000000002e,10,10+,134,1,0,0,10,134,2026-01-29T00:52:50Z
2026-01-29T00:53:28.433313+00:00,00000000-0000-0000-0000000000b0,10,10+,54,1,2,2,12,56,2026-01-29T00:52:50Z
2026-01-29T00:53:28.433313+00:00,00000000-0000-0000-00000000015b,3,3,46,0,0,0,3,46,2026-01-29T00:52:50Z
2026-01-29T00:53:28.433313+00:00,00000000-0000-0000-00000000000d,10,10+,42,1,4,4,14,46,2026-01-29T00:52:50Z
2026-01-29T00:53:28.433313+00:00,00000000-0000-0000-00000000013d,10,10+,75,1,2,2,12,77,2026-01-29T00:52:50Z
2026-01-29T00:53:28.433313+00:00,00000000-0000-0000-0000000001b5,10,10+,69,1,0,0,10,69,2026-01-29T00:52:40Z
2026-01-29T00:53:28.433313+00:00,00000000-0000-0000-000000000149,10,10+,40,1,0,0,10,40,2026-01-29T00:52:50Z
2026-01-29T00:53:28.433313+00:00,00000000-0000-0000-0000000001ae,10,10+,46,1,1,1,11,47,2026-01-29T00:52:50Z
2026-01-29T00:53:28.433313+00:00,00000000-0000-0000-0000000001b3,10,10+,85,1,0,0,10,85,2026-01-29T00:53:56Z
2026-01-29T00:53:28.433313+00:00,00000000-0000-0000-000000000007,10,10+,190,1,0,0,10,190,2026-01-29T00:52:37Z
2026-01-29T00:53:28.433313+00:00,00000000-0000-0000-000000000008,10,10+,150,1,0,0,10,150,2026-01-29T00:52:54Z
2026-01-29T00:53:28.433313+00:00,00000000-0000-0000-0000000000c0,10,10+,50,1,1,1,11,51,2026-01-29T00:52:50Z
2026-01-29T00:53:28.433313+00:00,00000000-0000-0000-0000000001a9,10,10+,17,1,0,0,10,17,2026-01-29T00:52:50Z
2026-01-29T00:53:28.433313+00:00,00000000-0000-0000-0000000001ad,10,10+,38,1,0,0,10,38,2026-01-29T00:52:50Z
2026-01-29T00:53:28.433313+00:00,00000000-0000-0000-0000000001af,10,10+,67,1,0,0,10,67,2026-01-29T00:52:50Z
2026-01-29T00:53:28.433313+00:00,00000000-0000-0000-0000000001ac,10,10+,62,1,0,0,10,62,2026-01-29T00:52:50Z
2026-01-29T00:53:28.433313+00:00,00000000-0000-0000-0000000001ab,10,10+,39,1,0,0,10,39,2026-01-29T00:52:50Z
2026-01-29T00:53:28.433313+00:00,00000000-0000-0000-0000000001b1,0,0,18,0,1,1,1,19,2026-01-29T00:52:50Z
2026-01-29T00:53:28.433313+00:00,00000000-0000-0000-0000000001b0,10,10+,468,1,1,1,11,469,2026-01-29T00:52:50Z
2026-01-29T00:53:28.433313+00:00,00000000-0000-0000-0000000001b8,10,10+,75,1,3,3,13,78,2026-01-29T00:52:41Z
2026-01-29T00:53:28.433313+00:00,00000000-0000-0000-0000000001b4,10,10+,353,1,0,0,10,353,2026-01-29T00:52:50Z
2026-01-29T00:53:28.433313+00:00,00000000-0000-0000-00000000006b,8,8,48,0,8,8,16,56,2026-01-29T00:52:50Z
2026-01-29T00:53:28.433313+00:00,00000000-0000-0000-0000000001b6,10,10+,160,1,2,2,12,162,2026-01-29T00:52:56Z
2026-01-29T00:53:28.433313+00:00,00000000-0000-0000-0000000001a8,10,10+,78,1,2,2,12,80,2026-01-29T00:52:50Z
2026-01-29T00:53:28.433313+00:00,00000000-0000-0000-0000000001c4,10,10+,64,1,0,0,10,64,2026-01-29T00:52:50Z
2026-01-29T00:53:28.433313+00:00,00000000-0000-0000-0000000000fc,0,0,43,0,2,2,2,45,2026-01-29T00:52:10Z
2026-01-29T00:53:28.433313+00:00,00000000-0000-0000-00000000010c,10,10+,56,1,12,12,22,68,2026-01-29T00:52:32Z
2026-01-29T00:53:28.433313+00:00,00000000-0000-0000-0000000000ee,10,10+,36,1,0,0,10,36,2026-01-29T00:52:36Z
2026-01-29T00:53:28.433313+00:00,00000000-0000-0000-000000000190,10,10+,22,1,0,0,10,22,2026-01-29T00:52:15Z
2026-01-29T00:53:28.433313+00:00,00000000-0000-0000-0000000000ad,10,10+,31,1,3,3,13,34,2026-01-29T00:52:17Z
2026-01-29T00:53:28.433313+00:00,00000000-0000-0000-0000000000ba,10,10+,33,1,2,2,12,35,2026-01-29T00:52:35Z
2026-01-29T00:53:28.433313+00:00,00000000-0000-0000-0000000000bb,10,10+,61,1,5,5,15,66,2026-01-29T00:52:35Z
2026-01-29T00:53:28.433313+00:00,00000000-0000-0000-0000000000c1,10,10+,24,1,0,0,10,24,2026-01-29T00:52:08Z
2026-01-29T00:53:28.433313+00:00,00000000-0000-0000-0000000000c6,8,8,29,0,0,0,8,29,2026-01-29T00:52:33Z
2026-01-29T00:53:28.433313+00:00,00000000-0000-0000-000000000077,10,10+,77,1,0,0,10,77,2026-01-29T00:52:03Z
2026-01-29T00:53:28.433313+00:00,00000000-0000-0000-000000000069,0,0,46,0,0,0,0,46,2026-01-29T00:52:22Z
2026-01-29T00:53:28.433313+00:00,00000000-0000-0000-000000000068,7,7,22,0,1,1,8,23,2026-01-29T00:52:18Z
2026-01-29T00:53:28.433313+00:00,00000000-0000-0000-000000000063,9,9,53,0,1,1,10,54,2026-01-29T00:52:35Z
2026-01-29T00:53:28.433313+00:00,00000000-0000-0000-00000000002a,10,10+,45,1,0,0,10,45,2026-01-29T00:52:10Z
2026-01-29T00:53:28.433313+00:00,00000000-0000-0000-000000000029,7,7,22,0,0,0,7,22,2026-01-29T00:52:19Z
2026-01-29T00:53:28.433313+00:00,00000000-0000-0000-000000000024,10,10+,69,1,0,0,10,69,2026-01-29T00:52:09Z
2026-01-29T00:53:28.433313+00:00,00000000-0000-0000-000000000020,10,10+,62,1,0,0,10,62,2026-01-29T00:52:18Z
2026-01-29T00:53:28.433313+00:00,00000000-0000-0000-000000000001,10,10+,47,1,0,0,10,47,2026-01-29T00:52:13Z
2026-01-29T00:53:28.433313+00:00,00000000-0000-0000-00000000013b,10,10+,34,1,1,1,11,35,2026-01-29T00:52:22Z
2026-01-29T00:53:28.433313+00:00,00000000-0000-0000-000000000194,10,10+,46,1,0,0,10,46,2026-01-29T00:52:15Z
2026-01-29T00:53:28.433313+00:00,00000000-0000-0000-0000000001a7,4,4,10,0,0,0,4,10,2026-01-29T00:52:05Z
2026-01-29T00:53:28.433313+00:00,00000000-0000-0000-0000000001b7,10,10+,20,1,1,1,11,21,2026-01-29T00:52:24Z
2026-01-29T00:53:28.433313+00:00,00000000-0000-0000-0000000000ab,0,-,0,0,0,0,0,0,2026-01-28T16:53:28.904016Z
2026-01-29T00:53:28.433313+00:00,00000000-0000-0000-000000000125,0,-,0,0,0,0,0,0,2026-01-28T16:53:28.904054Z
2026-01-29T00:53:28.433313+00:00,00000000-0000-0000-00000000011f,0,-,0,0,0,0,0,0,2026-01-28T16:53:28.904075Z
2026-01-29T00:53:28.433313+00:00,00000000-0000-0000-000000000116,0,-,0,0,0,0,0,0,2026-01-28T16:53:28.904092Z
2026-01-29T00:53:28.433313+00:00,00000000-0000-0000-000000000115,0,-,0,0,0,0,0,0,2026-01-28T16:53:28.904095Z
2026-01-29T00:53:28.433313+00:00,00000000-0000-0000-000000000114,0,-,0,0,0,0,0,0,2026-01-28T16:53:28.904099Z
2026-01-29T00:53:28.433313+00:00,00000000-0000-0000-000000000112,0,-,0,0,0,0,0,0,2026-01-28T16:53:28.904101Z
2026-01-29T00:53:28.433313+00:00,00000000-0000-0000-000000000111,0,-,0,0,0,0,0,0,2026-01-28T16:53:28.904107Z
2026-01-29T00:53:28.433313+00:00,00000000-0000-0000-000000000110,0,-,0,0,0,0,0,0,2026-01-28T16:53:28.904117Z
2026-01-29T00:53:28.433313+00:00,00000000-0000-0000-00000000010e,0,-,0,0,0,0,0,0,2026-01-28T16:53:28.904124Z
2026-01-29T00:53:28.433313+00:00,00000000-0000-0000-00000000010d,0,-,0,0,0,0,0,0,2026-01-28T16:53:28.904128Z
2026-01-29T00:53:28.433313+00:00,00000000-0000-0000-000000000108,0,-,0,0,0,0,0,0,2026-01-28T16:53:28.904136Z
2026-01-29T00:53:28.433313+00:00,00000000-0000-0000-000000000104,0,-,0,0,18,18,18,18,2026-01-28T16:53:28.904149Z
2026-01-29T00:53:28.433313+00:00,00000000-0000-0000-000000000100,0,-,0,0,0,0,0,0,2026-01-28T16:53:28.904159Z
2026-01-29T00:53:28.433313+00:00,00000000-0000-0000-0000000000fb,0,-,0,0,0,0,0,0,2026-01-28T16:53:28.904170Z
2026-01-29T00:53:28.433313+00:00,00000000-0000-0000-0000000000f9,0,-,0,0,0,0,0,0,2026-01-28T16:53:28.904174Z
2026-01-29T00:53:28.433313+00:00,00000000-0000-0000-0000000000f7,0,-,0,0,0,0,0,0,2026-01-28T16:53:28.904180Z
2026-01-29T00:53:28.433313+00:00,00000000-0000-0000-0000000000f6,0,-,0,0,0,0,0,0,2026-01-28T16:53:28.904184Z
2026-01-29T00:53:28.433313+00:00,00000000-0000-0000-0000000000e9,0,-,0,0,0,0,0,0,2026-01-28T16:53:28.904199Z
2026-01-29T00:53:28.433313+00:00,00000000-0000-0000-0000000000e5,0,-,0,0,0,0,0,0,2026-01-28T16:53:28.904204Z
2026-01-29T00:53:28.433313+00:00,00000000-0000-0000-0000000000ca,0,-,0,0,0,0,0,0,2026-01-28T16:53:28.904238Z
2026-01-29T00:53:28.433313+00:00,00000000-0000-0000-0000000000bf,0,-,0,0,69,69,69,69,2026-01-28T16:53:28.904259Z
2026-01-29T00:53:28.433313+00:00,00000000-0000-0000-0000000000be,0,-,0,0,74,74,74,74,2026-01-28T16:53:28.904264Z
2026-01-29T00:53:28.433313+00:00,00000000-0000-0000-0000000000bd,0,-,0,0,1932,1932,1932,1932,2026-01-28T16:53:28.904269Z
2026-01-29T00:53:28.433313+00:00,00000000-0000-0000-0000000000b5,0,-,0,0,0,0,0,0,2026-01-28T16:53:28.904281Z
2026-01-29T00:53:28.433313+00:00,00000000-0000-0000-0000000000aa,0,-,0,0,0,0,0,0,2026-01-28T16:53:28.904298Z
2026-01-29T00:53:28.433313+00:00,00000000-0000-0000-0000000000a8,0,-,0,0,0,0,0,0,2026-01-28T16:53:28.904302Z
2026-01-29T00:53:28.433313+00:00,00000000-0000-0000-0000000000a5,0,-,0,0,0,0,0,0,2026-01-28T16:53:28.904310Z
2026-01-29T00:53:28.433313+00:00,00000000-0000-0000-0000000000a3,0,-,0,0,0,0,0,0,2026-01-28T16:53:28.904315Z
2026-01-29T00:53:28.433313+00:00,00000000-0000-0000-0000000000a2,0,-,0,0,0,0,0,0,2026-01-28T16:53:28.904320Z
2026-01-29T00:53:28.433313+00:00,00000000-0000-0000-0000000000a1,0,-,0,0,0,0,0,0,2026-01-28T16:53:28.904324Z
2026-01-29T00:53:28.433313+00:00,00000000-0000-0000-0000000000a0,0,-,0,0,0,0,0,0,2026-01-28T16:53:28.904330Z
2026-01-29T00:53:28.433313+00:00,00000000-0000-0000-00000000009f,0,-,0,0,0,0,0,0,2026-01-28T16:53:28.904333Z
2026-01-29T00:53:28.433313+00:00,00000000-0000-0000-00000000009e,0,-,0,0,0,0,0,0,2026-01-28T16:53:28.904336Z
2026-01-29T00:53:28.433313+00:00,00000000-0000-0000-00000000009d,0,-,0,0,0,0,0,0,2026-01-28T16:53:28.904343Z
2026-01-29T00:53:28.433313+00:00,00000000-0000-0000-00000000009c,0,-,0,0,0,0,0,0,2026-01-28T16:53:28.904346Z
2026-01-29T00:53:28.433313+00:00,00000000-0000-0000-00000000009b,0,-,0,0,0,0,0,0,2026-01-28T16:53:28.904350Z
2026-01-29T00:53:28.433313+00:00,00000000-0000-0000-00000000009a,0,-,0,0,0,0,0,0,2026-01-28T16:53:28.904355Z
2026-01-29T00:53:28.433313+00:00,00000000-0000-0000-000000000099,0,-,0,0,0,0,0,0,2026-01-28T16:53:28.904360Z
2026-01-29T00:53:28.433313+00:00,00000000-0000-0000-000000000098,0,-,0,0,0,0,0,0,2026-01-28T16:53:28.904364Z
2026-01-29T00:53:28.433313+00:00,00000000-0000-0000-000000000097,0,-,0,0,0,0,0,0,2026-01-28T16:53:28.904369Z
2026-01-29T00:53:28.433313+00:00,00000000-0000-0000-000000000096,0,-,0,0,0,0,0,0,2026-01-28T16:53:28.904375Z
2026-01-29T00:53:28.433313+00:00,00000000-0000-0000-000000000095,0,-,0,0,0,0,0,0,2026-01-28T16:53:28.904379Z
2026-01-29T00:53:28.433313+00:00,00000000-0000-0000-000000000094,0,-,0,0,0,0,0,0,2026-01-28T16:53:28.904384Z
2026-01-29T00:53:28.433313+00:00,00000000-0000-0000-000000000093,0,-,0,0,0,0,0,0,2026-01-28T16:53:28.904388Z
2026-01-29T00:53:28.433313+00:00,00000000-0000-0000-000000000092,0,-,0,0,0,0,0,0,2026-01-28T16:53:28.904392Z
2026-01-29T00:53:28.433313+00:00,00000000-0000-0000-000000000091,0,-,0,0,0,0,0,0,2026-01-28T16:53:28.904400Z
2026-01-29T00:53:28.433313+00:00,00000000-0000-0000-000000000081,0,-,0,0,0,0,0,0,2026-01-28T16:53:28.904405Z
2026-01-29T00:53:28.433313+00:00,00000000-0000-0000-000000000080,0,-,0,0,0,0,0,0,2026-01-28T16:53:28.904412Z
2026-01-29T00:53:28.433313+00:00,00000000-0000-0000-00000000007c,0,-,0,0,0,0,0,0,2026-01-28T16:53:28.904419Z
2026-01-29T00:53:28.433313+00:00,00000000-0000-0000-00000000007b,0,-,0,0,0,0,0,0,2026-01-28T16:53:28.904423Z
2026-01-29T00:53:28.433313+00:00,00000000-0000-0000-000000000073,0,-,0,0,0,0,0,0,2026-01-28T16:53:28.904435Z
2026-01-29T00:53:28.433313+00:00,00000000-0000-0000-000000000072,0,-,0,0,0,0,0,0,2026-01-28T16:53:28.904439Z
2026-01-29T00:53:28.433313+00:00,00000000-0000-0000-000000000067,0,-,0,0,0,0,0,0,2026-01-28T16:53:28.904448Z
2026-01-29T00:53:28.433313+00:00,00000000-0000-0000-000000000066,0,-,0,0,0,0,0,0,2026-01-28T16:53:28.904451Z
2026-01-29T00:53:28.433313+00:00,00000000-0000-0000-000000000064,0,-,0,0,0,0,0,0,2026-01-28T16:53:28.904456Z
2026-01-29T00:53:28.433313+00:00,00000000-0000-0000-000000000062,0,-,0,0,0,0,0,0,2026-01-28T16:53:28.904460Z
2026-01-29T00:53:28.433313+00:00,00000000-0000-0000-000000000061,0,-,0,0,0,0,0,0,2026-01-28T16:53:28.904463Z
2026-01-29T00:53:28.433313+00:00,00000000-0000-0000-00000000005e,0,-,0,0,0,0,0,0,2026-01-28T16:53:28.904470Z
2026-01-29T00:53:28.433313+00:00,00000000-0000-0000-00000000001e,0,-,0,0,1,1,1,1,2026-01-28T16:53:28.904482Z
2026-01-29T00:53:28.433313+00:00,00000000-0000-0000-00000000001c,0,-,0,0,0,0,0,0,2026-01-28T16:53:28.904486Z
2026-01-29T00:53:28.433313+00:00,00000000-0000-0000-00000000001a,0,-,0,0,239,239,239,239,2026-01-28T16:53:28.904490Z
2026-01-29T00:53:28.433313+00:00,00000000-0000-0000-000000000019,0,-,0,0,0,0,0,0,2026-01-28T16:53:28.904494Z
2026-01-29T00:53:28.433313+00:00,00000000-0000-0000-000000000018,0,-,0,0,0,0,0,0,2026-01-28T16:53:28.904498Z
2026-01-29T00:53:28.433313+00:00,00000000-0000-0000-000000000017,0,-,0,0,0,0,0,0,2026-01-28T16:53:28.904503Z
2026-01-29T00:53:28.433313+00:00,00000000-0000-0000-000000000015,0,-,0,0,0,0,0,0,2026-01-28T16:53:28.904508Z
2026-01-29T00:53:28.433313+00:00,00000000-0000-0000-000000000014,0,-,0,0,0,0,0,0,2026-01-28T16:53:28.904512Z
2026-01-29T00:53:28.433313+00:00,00000000-0000-0000-000000000012,0,-,0,0,0,0,0,0,2026-01-28T16:53:28.904516Z
2026-01-29T00:53:28.433313+00:00,00000000-0000-0000-00000000000a,0,-,0,0,0,0,0,0,2026-01-28T16:53:28.904527Z
2026-01-29T00:53:28.433313+00:00,00000000-0000-0000-000000000009,0,-,0,0,0,0,0,0,2026-01-28T16:53:28.904532Z
2026-01-29T00:53:28.433313+00:00,00000000-0000-0000-000000000003,0,-,0,0,0,0,0,0,2026-01-28T16:53:28.904542Z
2026-01-29T00:53:28.433313+00:00,00000000-0000-0000-00000000012e,0,-,0,0,0,0,0,0,2026-01-28T16:53:28.904936Z
2026-01-29T00:53:28.433313+00:00,00000000-0000-0000-00000000012f,0,-,0,0,0,0,0,0,2026-01-28T16:53:28.904944Z
2026-01-29T00:53:28.433313+00:00,00000000-0000-0000-000000000130,0,-,0,0,0,0,0,0,2026-01-28T16:53:28.904949Z
2026-01-29T00:53:28.433313+00:00,00000000-0000-0000-000000000132,0,-,0,0,0,0,0,0,2026-01-28T16:53:28.904956Z
2026-01-29T00:53:28.433313+00:00,00000000-0000-0000-000000000005,0,-,0,0,0,0,0,0,2026-01-28T16:53:28.904997Z
2026-01-29T00:53:28.433313+00:00,00000000-0000-0000-00000000013f,0,-,0,0,0,0,0,0,2026-01-28T16:53:28.905010Z
2026-01-29T00:53:28.433313+00:00,00000000-0000-0000-000000000141,0,-,0,0,0,0,0,0,2026-01-28T16:53:28.905017Z
2026-01-29T00:53:28.433313+00:00,00000000-0000-0000-000000000146,0,-,0,0,0,0,0,0,2026-01-28T16:53:28.905028Z
2026-01-29T00:53:28.433313+00:00,00000000-0000-0000-000000000082,0,-,0,0,0,0,0,0,2026-01-28T16:53:28.905105Z
2026-01-29T00:53:28.433313+00:00,00000000-0000-0000-000000000086,0,-,0,0,0,0,0,0,2026-01-28T16:53:28.905113Z
2026-01-29T00:53:28.433313+00:00,00000000-0000-0000-000000000087,0,-,0,0,0,0,0,0,2026-01-28T16:53:28.905122Z
2026-01-29T00:53:28.433313+00:00,00000000-0000-0000-000000000088,0,-,0,0,0,0,0,0,2026-01-28T16:53:28.905125Z
2026-01-29T00:53:28.433313+00:00,00000000-0000-0000-00000000008b,0,-,0,0,0,0,0,0,2026-01-28T16:53:28.905132Z
2026-01-29T00:53:28.433313+00:00,00000000-0000-0000-00000000008d,0,-,0,0,0,0,0,0,2026-01-28T16:53:28.905138Z
2026-01-29T00:53:28.433313+00:00,00000000-0000-0000-00000000008e,0,-,0,0,0,0,0,0,2026-01-28T16:53:28.905144Z
2026-01-29T00:53:28.433313+00:00,00000000-0000-0000-000000000136,0,-,0,0,0,0,0,0,2026-01-28T16:53:28.905152Z
2026-01-29T00:53:28.433313+00:00,00000000-0000-0000-000000000137,0,-,0,0,0,0,0,0,2026-01-28T16:53:28.905157Z
2026-01-29T00:53:28.433313+00:00,00000000-0000-0000-000000000032,0,-,0,0,0,0,0,0,2026-01-28T16:53:28.905162Z
2026-01-29T00:53:28.433313+00:00,00000000-0000-0000-000000000140,0,-,0,0,0,0,0,0,2026-01-28T16:53:28.905173Z
2026-01-29T00:53:28.433313+00:00,00000000-0000-0000-000000000142,0,-,0,0,0,0,0,0,2026-01-28T16:53:28.905186Z
2026-01-29T00:53:28.433313+00:00,00000000-0000-0000-000000000143,0,-,0,0,0,0,0,0,2026-01-28T16:53:28.905193Z
2026-01-29T00:53:28.433313+00:00,00000000-0000-0000-000000000144,0,-,0,0,0,0,0,0,2026-01-28T16:53:28.905201Z
2026-01-29T00:53:28.433313+00:00,00000000-0000-0000-000000000145,0,-,0,0,0,0,0,0,2026-01-28T16:53:28.905206Z
2026-01-29T00:53:28.433313+00:00,00000000-0000-0000-000000000148,0,-,0,0,0,0,0,0,2026-01-28T16:53:28.905223Z
2026-01-29T00:53:28.433313+00:00,00000000-0000-0000-000000000151,0,-,0,0,0,0,0,0,2026-01-28T16:53:28.905274Z
2026-01-29T00:53:28.433313+00:00,00000000-0000-0000-00000000015c,0,-,0,0,0,0,0,0,2026-01-28T16:53:28.905364Z
2026-01-29T00:53:28.433313+00:00,00000000-0000-0000-00000000015d,0,-,0,0,0,0,0,0,2026-01-28T16:53:28.905369Z
2026-01-29T00:53:28.433313+00:00,00000000-0000-0000-00000000015e,0,-,0,0,0,0,0,0,2026-01-28T16:53:28.905379Z
2026-01-29T00:53:28.433313+00:00,00000000-0000-0000-00000000015f,0,-,0,0,0,0,0,0,2026-01-28T16:53:28.905387Z
2026-01-29T00:53:28.433313+00:00,00000000-0000-0000-000000000160,0,-,0,0,0,0,0,0,2026-01-28T16:53:28.905393Z
2026-01-29T00:53:28.433313+00:00,00000000-0000-0000-000000000161,0,-,0,0,0,0,0,0,2026-01-28T16:53:28.905399Z
2026-01-29T00:53:28.433313+00:00,00000000-0000-0000-000000000162,0,-,0,0,0,0,0,0,2026-01-28T16:53:28.905401Z
2026-01-29T00:53:28.433313+00:00,00000000-0000-0000-000000000163,0,-,0,0,0,0,0,0,2026-01-28T16:53:28.905408Z
2026-01-29T00:53:28.433313+00:00,00000000-0000-0000-000000000164,0,-,0,0,0,0,0,0,2026-01-28T16:53:28.905417Z
2026-01-29T00:53:28.433313+00:00,00000000-0000-0000-000000000168,0,-,0,0,0,0,0,0,2026-01-28T16:53:28.905427Z
2026-01-29T00:53:28.433313+00:00,00000000-0000-0000-000000000165,0,-,0,0,0,0,0,0,2026-01-28T16:53:28.905429Z
2026-01-29T00:53:28.433313+00:00,00000000-0000-0000-000000000169,0,-,0,0,0,0,0,0,2026-01-28T16:53:28.905438Z
2026-01-29T00:53:28.433313+00:00,00000000-0000-0000-00000000016a,0,-,0,0,0,0,0,0,2026-01-28T16:53:28.905445Z
2026-01-29T00:53:28.433313+00:00,00000000-0000-0000-00000000016b,0,-,0,0,0,0,0,0,2026-01-28T16:53:28.905450Z
2026-01-29T00:53:28.433313+00:00,00000000-0000-0000-00000000016c,0,-,0,0,0,0,0,0,2026-01-28T16:53:28.905456Z
2026-01-29T00:53:28.433313+00:00,00000000-0000-0000-000000000166,0,-,0,0,0,0,0,0,2026-01-28T16:53:28.905460Z
2026-01-29T00:53:28.433313+00:00,00000000-0000-0000-000000000167,0,-,0,0,0,0,0,0,2026-01-28T16:53:28.905470Z
2026-01-29T00:53:28.433313+00:00,00000000-0000-0000-000000000159,0,-,0,0,3,3,3,3,2026-01-28T16:53:28.905481Z
2026-01-29T00:53:28.433313+00:00,00000000-0000-0000-00000000015a,0,-,0,0,0,0,0,0,2026-01-28T16:53:28.905494Z
2026-01-29T00:53:28.433313+00:00,00000000-0000-0000-00000000016f,0,-,0,0,0,0,0,0,2026-01-28T16:53:28.905506Z
2026-01-29T00:53:28.433313+00:00,00000000-0000-0000-000000000174,0,-,0,0,0,0,0,0,2026-01-28T16:53:28.905519Z
2026-01-29T00:53:28.433313+00:00,00000000-0000-0000-00000000018e,0,-,0,0,0,0,0,0,2026-01-28T16:53:28.905566Z
2026-01-29T00:53:28.433313+00:00,00000000-0000-0000-000000000195,0,-,0,0,0,0,0,0,2026-01-28T16:53:28.905583Z
2026-01-29T00:53:28.433313+00:00,00000000-0000-0000-000000000192,0,-,0,0,0,0,0,0,2026-01-28T16:53:28.906633Z
2026-01-29T00:53:28.433313+00:00,00000000-0000-0000-000000000193,0,-,0,0,0,0,0,0,2026-01-28T16:53:28.906643Z
2026-01-29T00:53:28.433313+00:00,00000000-0000-0000-000000000173,0,-,0,0,0,0,0,0,2026-01-28T16:53:28.906652Z
2026-01-29T00:53:28.433313+00:00,00000000-0000-0000-00000000018f,0,-,0,0,0,0,0,0,2026-01-28T16:53:28.906668Z
2026-01-29T00:53:28.433313+00:00,00000000-0000-0000-0000000001a5,0,-,0,0,950,950,950,950,2026-01-28T16:53:28.906736Z
2026-01-29T00:53:28.433313+00:00,00000000-0000-0000-000000000147,0,-,0,0,7,7,7,7,2026-01-28T16:53:28.907253Z
2026-01-29T00:53:28.433313+00:00,00000000-0000-0000-0000000001c0,0,-,0,0,0,0,0,0,2026-01-28T16:53:28.907293Z
2026-01-29T00:53:28.433313+00:00,00000000-0000-0000-0000000001c2,0,-,0,0,0,0,0,0,2026-01-28T16:53:28.907303Z
2026-01-29T00:53:28.433313+00:00,00000000-0000-0000-0000000001c5,0,-,0,0,10,10,10,10,2026-01-28T16:53:28.907316Z
2026-01-29T00:53:28.433313+00:00,00000000-0000-0000-0000000001c8,0,-,0,0,7,7,7,7,2026-01-28T16:53:28.907332Z
2026-01-29T00:53:28.433313+00:00,00000000-0000-0000-0000000001c9,0,-,0,0,0,0,0,0,2026-01-28T16:53:28.907356Z
2026-01-29T00:53:28.433313+00:00,00000000-0000-0000-0000000001cc,0,-,0,0,0,0,0,0,2026-01-28T16:53:28.907368Z
2026-01-29T03:16:22.585092+00:00,00000000-0000-0000-00000000012a,10,10+,152,1,1,1,11,153,2026-01-29T03:15:53Z
2026-01-29T03:16:22.585092+00:00,00000000-0000-0000-0000000000d8,10,10+,106,1,58,58,68,164,2026-01-29T03:15:53Z
2026-01-29T03:16:22.585092+00:00,00000000-0000-0000-0000000000ff,10,10+,137,1,6,6,16,143,2026-01-29T03:15:53Z
2026-01-29T03:16:22.585092+00:00,00000000-0000-0000-000000000119,10,10+,120,1,30,30,40,150,2026-01-29T03:15:53Z
2026-01-29T03:16:22.585092+00:00,00000000-0000-0000-000000000103,10,10+,511,1,31,31,41,542,2026-01-29T03:15:53Z
2026-01-29T03:16:22.585092+00:00,00000000-0000-0000-0000000000f8,0,0,59,0,11,11,11,70,2026-01-29T03:15:53Z
2026-01-29T03:16:22.585092+00:00,00000000-0000-0000-000000000121,10,10+,305,1,30,30,40,335,2026-01-29T03:15:53Z
2026-01-29T03:16:22.585092+00:00,00000000-0000-0000-00000000010a,10,10+,133,1,12,12,22,145,2026-01-29T03:15:53Z
2026-01-29T03:16:22.585092+00:00,00000000-0000-0000-00000000007d,10,10+,334,1,558,558,568,892,2026-01-29T03:15:53Z
2026-01-29T03:16:22.585092+00:00,00000000-0000-0000-000000000124,5,5,137,0,0,0,5,137,2026-01-29T03:15:53Z
2026-01-29T03:16:22.585092+00:00,00000000-0000-0000-00000000011d,10,10+,108,1,15,15,25,123,2026-01-29T03:15:53Z
2026-01-29T03:16:22.585092+00:00,00000000-0000-0000-000000000102,10,10+,270,1,19,19,29,289,2026-01-29T03:15:53Z
2026-01-29T03:16:22.585092+00:00,00000000-0000-0000-000000000118,10,10+,857,1,26,26,36,883,2026-01-29T03:15:53Z
2026-01-29T03:16:22.585092+00:00,00000000-0000-0000-00000000011c,10,10+,189,1,4,4,14,193,2026-01-29T03:15:53Z
2026-01-29T03:16:22.585092+00:00,00000000-0000-0000-000000000122,10,10+,50,1,6,6,16,56,2026-01-29T03:15:53Z
2026-01-29T03:16:22.585092+00:00,00000000-0000-0000-00000000011e,10,10+,316,1,10,10,20,326,2026-01-29T03:15:53Z
2026-01-29T03:16:22.585092+00:00,00000000-0000-0000-0000000000dc,10,10+,107,1,0,0,10,107,2026-01-29T03:15:53Z
2026-01-29T03:16:22.585092+00:00,00000000-0000-0000-00000000019e,0,0,22,0,0,0,0,22,2026-01-29T03:15:53Z
2026-01-29T03:16:22.585092+00:00,00000000-0000-0000-000000000196,5,5,52,0,6,6,11,58,2026-01-29T03:15:53Z
2026-01-29T03:16:22.585092+00:00,00000000-0000-0000-0000000000f4,9,9,79,0,6,6,15,85,2026-01-29T03:15:53Z
2026-01-29T03:16:22.585092+00:00,00000000-0000-0000-0000000000d7,10,10+,215,1,5,5,15,220,2026-01-29T03:15:53Z
2026-01-29T03:16:22.585092+00:00,00000000-0000-0000-00000000019d,10,10+,32,1,3,3,13,35,2026-01-29T03:15:53Z
2026-01-29T03:16:22.585092+00:00,00000000-0000-0000-0000000000c2,10,10+,170,1,0,0,10,170,2026-01-29T03:15:53Z
2026-01-29T03:16:22.585092+00:00,00000000-0000-0000-000000000129,0,0,320,0,0,0,0,320,2026-01-29T03:15:43Z
2026-01-29T03:16:22.585092+00:00,00000000-0000-0000-000000000128,10,10+,130,1,0,0,10,130,2026-01-29T03:15:31Z
2026-01-29T03:16:22.585092+00:00,00000000-0000-0000-000000000127,10,10+,180,1,0,0,10,180,2026-01-29T03:15:38Z
2026-01-29T03:16:22.585092+00:00,00000000-0000-0000-000000000191,10,10+,51,1,2,2,12,53,2026-01-29T03:15:53Z
2026-01-29T03:16:22.585092+00:00,00000000-0000-0000-00000000001b,10,10+,114,1,2,2,12,116,2026-01-29T03:15:53Z
2026-01-29T03:16:22.585092+00:00,00000000-0000-0000-0000000000c8,10,10+,510,1,20,20,30,530,2026-01-29T03:15:53Z
2026-01-29T03:16:22.585092+00:00,00000000-0000-0000-0000000000b4,10,10+,54,1,0,0,10,54,2026-01-29T03:15:53Z
2026-01-29T03:16:22.585092+00:00,00000000-0000-0000-0000000000f5,10,10+,75,1,1,1,11,76,2026-01-29T03:15:53Z
2026-01-29T03:16:22.585092+00:00,00000000-0000-0000-0000000000f2,2,2,95,0,1,1,3,96,2026-01-29T03:15:53Z
2026-01-29T03:16:22.585092+00:00,00000000-0000-0000-0000000000a6,5,5,77,0,3,3,8,80,2026-01-29T03:15:53Z
2026-01-29T03:16:22.585092+00:00,00000000-0000-0000-0000000001a6,10,10+,51,1,1,1,11,52,2026-01-29T03:15:53Z
2026-01-29T03:16:22.585092+00:00,00000000-0000-0000-0000000000c3,10,10+,128,1,12,12,22,140,2026-01-29T03:15:53Z
2026-01-29T03:16:22.585092+00:00,00000000-0000-0000-0000000000b9,1,1,43,0,0,0,1,43,2026-01-29T03:15:53Z
2026-01-29T03:16:22.585092+00:00,00000000-0000-0000-0000000000bc,0,0,77,0,2,2,2,79,2026-01-29T03:15:53Z
2026-01-29T03:16:22.585092+00:00,00000000-0000-0000-000000000109,10,10+,269,1,0,0,10,269,2026-01-29T03:15:53Z
2026-01-29T03:16:22.585092+00:00,00000000-0000-0000-000000000105,10,10+,183,1,37,37,47,220,2026-01-29T03:15:53Z
2026-01-29T03:16:22.585092+00:00,00000000-0000-0000-000000000126,10,10+,95,1,7,7,17,102,2026-01-29T03:15:53Z
2026-01-29T03:16:22.585092+00:00,00000000-0000-0000-000000000101,10,10+,371,1,83,83,93,454,2026-01-29T03:15:53Z
2026-01-29T03:16:22.585092+00:00,00000000-0000-0000-000000000117,10,10+,303,1,34,34,44,337,2026-01-29T03:15:53Z
2026-01-29T03:16:22.585092+00:00,00000000-0000-0000-0000000001c3,10,10+,506,1,95,95,105,601,2026-01-29T03:15:53Z
2026-01-29T03:16:22.585092+00:00,00000000-0000-0000-0000000000a4,10,10+,192,1,10,10,20,202,2026-01-29T03:15:53Z
2026-01-29T03:16:22.585092+00:00,00000000-0000-0000-0000000000ae,10,10+,319,1,28,28,38,347,2026-01-29T03:15:53Z
2026-01-29T03:16:22.585092+00:00,00000000-0000-0000-00000000019a,10,10+,830,1,24,24,34,854,2026-01-29T03:15:53Z
2026-01-29T03:16:22.585092+00:00,00000000-0000-0000-00000000010b,10,10+,260,1,0,0,10,260,2026-01-29T03:13:45Z
2026-01-29T03:16:22.585092+00:00,00000000-0000-0000-000000000079,10,10+,85,1,0,0,10,85,2026-01-29T03:15:53Z
2026-01-29T03:16:22.585092+00:00,00000000-0000-0000-00000000006c,10,10+,155,1,0,0,10,155,2026-01-29T03:15:53Z
2026-01-29T03:16:22.585092+00:00,00000000-0000-0000-0000000000dd,10,10+,154,1,31,31,41,185,2026-01-29T03:15:53Z
2026-01-29T03:16:22.585092+00:00,00000000-0000-0000-0000000000de,3,3,85,0,37,37,40,122,2026-01-29T03:15:53Z
2026-01-29T03:16:22.585092+00:00,00000000-0000-0000-0000000000db,10,10+,119,1,1,1,11,120,2026-01-29T03:15:53Z
2026-01-29T03:16:22.585092+00:00,00000000-0000-0000-0000000001a4,10,10+,36,1,0,0,10,36,2026-01-29T03:15:53Z
2026-01-29T03:16:22.585092+00:00,00000000-0000-0000-0000000000c5,10,10+,37,1,3,3,13,40,2026-01-29T03:15:53Z
2026-01-29T03:16:22.585092+00:00,00000000-0000-0000-000000000199,10,10+,637,1,10,10,20,647,2026-01-29T03:15:53Z
2026-01-29T03:16:22.585092+00:00,00000000-0000-0000-00000000018d,8,8,29,0,1,1,9,30,2026-01-29T03:15:53Z
2026-01-29T03:16:22.585092+00:00,00000000-0000-0000-0000000000a7,10,10+,156,1,14,14,24,170,2026-01-29T03:15:53Z
2026-01-29T03:16:22.585092+00:00,00000000-0000-0000-0000000000b6,10,10+,71,1,6,6,16,77,2026-01-29T03:15:53Z
2026-01-29T03:16:22.585092+00:00,00000000-0000-0000-000000000120,10,10+,280,1,27,27,37,307,2026-01-29T03:15:53Z
2026-01-29T03:16:22.585092+00:00,00000000-0000-0000-0000000000a9,10,10+,48,1,5,5,15,53,2026-01-29T03:15:53Z
2026-01-29T03:16:22.585092+00:00,00000000-0000-0000-0000000000b2,10,10+,85,1,1,1,11,86,2026-01-29T03:15:53Z
2026-01-29T03:16:22.585092+00:00,00000000-0000-0000-0000000000b3,7,7,83,0,7,7,14,90,2026-01-29T03:15:53Z
2026-01-29T03:16:22.585092+00:00,00000000-0000-0000-0000000000cc,10,10+,282,1,43,43,53,325,2026-01-29T03:15:53Z
2026-01-29T03:16:22.585092+00:00,00000000-0000-0000-0000000000ac,3,3,342,0,0,0,3,342,2026-01-29T03:15:53Z
2026-01-29T03:16:22.585092+00:00,00000000-0000-0000-0000000000c9,6,6,85,0,0,0,6,85,2026-01-29T03:15:53Z
2026-01-29T03:16:22.585092+00:00,00000000-0000-0000-0000000000cb,10,10+,349,1,13,13,23,362,2026-01-29T03:15:53Z
2026-01-29T03:16:22.585092+00:00,00000000-0000-0000-0000000000d0,10,10+,174,1,61,61,71,235,2026-01-29T03:15:53Z
2026-01-29T03:16:22.585092+00:00,00000000-0000-0000-000000000197,5,5,131,0,2,2,7,133,2026-01-29T03:15:53Z
2026-01-29T03:16:22.585092+00:00,00000000-0000-0000-00000000000e,10,10+,60,1,0,0,10,60,2026-01-29T03:15:53Z
2026-01-29T03:16:22.585092+00:00,00000000-0000-0000-00000000007a,10,10+,157,1,0,0,10,157,2026-01-29T03:15:53Z
2026-01-29T03:16:22.585092+00:00,00000000-0000-0000-0000000000ec,8,8,25,0,0,0,8,25,2026-01-29T03:15:53Z
2026-01-29T03:16:22.585092+00:00,00000000-0000-0000-000000000011,10,10+,133,1,96,96,106,229,2026-01-29T03:15:53Z
2026-01-29T03:16:22.585092+00:00,00000000-0000-0000-000000000074,10,10+,135,1,0,0,10,135,2026-01-29T03:15:53Z
2026-01-29T03:16:22.585092+00:00,00000000-0000-0000-0000000000fe,10,10+,49,1,2,2,12,51,2026-01-29T03:15:53Z
2026-01-29T03:16:22.585092+00:00,00000000-0000-0000-0000000000af,10,10+,50,1,0,0,10,50,2026-01-29T03:15:53Z
2026-01-29T03:16:22.585092+00:00,00000000-0000-0000-00000000001f,10,10+,156,1,19,19,29,175,2026-01-29T03:15:53Z
2026-01-29T03:16:22.585092+00:00,00000000-0000-0000-0000000000eb,10,10+,37,1,3,3,13,40,2026-01-29T03:15:53Z
2026-01-29T03:16:22.585092+00:00,00000000-0000-0000-0000000000c4,0,0,36,0,0,0,0,36,2026-01-29T03:15:53Z
2026-01-29T03:16:22.585092+00:00,00000000-0000-0000-000000000152,10,10+,54,1,0,0,10,54,2026-01-29T03:15:53Z
2026-01-29T03:16:22.585092+00:00,00000000-0000-0000-0000000001b2,10,10+,118,1,0,0,10,118,2026-01-29T03:15:53Z
2026-01-29T03:16:22.585092+00:00,00000000-0000-0000-00000000006f,10,10+,66,1,4,4,14,70,2026-01-29T03:15:53Z
2026-01-29T03:16:22.585092+00:00,00000000-0000-0000-00000000000f,10,10+,117,1,38,38,48,155,2026-01-29T03:15:53Z
2026-01-29T03:16:22.585092+00:00,00000000-0000-0000-00000000011b,10,10+,69,1,0,0,10,69,2026-01-29T03:15:53Z
2026-01-29T03:16:22.585092+00:00,00000000-0000-0000-00000000006d,6,6,34,0,0,0,6,34,2026-01-29T03:15:53Z
2026-01-29T03:16:22.585092+00:00,00000000-0000-0000-000000000010,10,10+,207,1,59,59,69,266,2026-01-29T03:15:53Z
2026-01-29T03:16:22.585092+00:00,00000000-0000-0000-0000000000b7,8,8,42,0,0,0,8,42,2026-01-29T03:15:53Z
2026-01-29T03:16:22.585092+00:00,00000000-0000-0000-00000000010f,10,10+,90,1,10,10,20,100,2026-01-29T03:15:53Z
2026-01-29T03:16:22.585092+00:00,00000000-0000-0000-000000000065,10,10+,52,1,0,0,10,52,2026-01-29T03:15:53Z
2026-01-29T03:16:22.585092+00:00,00000000-0000-0000-00000000002c,10,10+,173,1,45,45,55,218,2026-01-29T03:15:53Z
2026-01-29T03:16:22.585092+00:00,00000000-0000-0000-00000000019f,10,10+,80,1,1,1,11,81,2026-01-29T03:15:53Z
2026-01-29T03:16:22.585092+00:00,00000000-0000-0000-0000000000cd,10,10+,66,1,23,23,33,89,2026-01-29T03:15:53Z
2026-01-29T03:16:22.585092+00:00,00000000-0000-0000-0000000000cf,10,10+,77,1,27,27,37,104,2026-01-29T03:15:53Z
2026-01-29T03:16:22.585092+00:00,00000000-0000-0000-000000000123,8,8,42,0,0,0,8,42,2026-01-29T03:15:53Z
2026-01-29T03:16:22.585092+00:00,00000000-0000-0000-00000000002e,10,10+,134,1,0,0,10,134,2026-01-29T03:15:53Z
2026-01-29T03:16:22.585092+00:00,00000000-0000-0000-0000000000b0,10,10+,54,1,2,2,12,56,2026-01-29T03:15:53Z
2026-01-29T03:16:22.585092+00:00,00000000-0000-0000-00000000015b,0,0,46,0,0,0,0,46,2026-01-29T03:15:53Z
2026-01-29T03:16:22.585092+00:00,00000000-0000-0000-00000000000d,10,10+,42,1,4,4,14,46,2026-01-29T03:15:53Z
2026-01-29T03:16:22.585092+00:00,00000000-0000-0000-00000000013d,9,9,75,0,2,2,11,77,2026-01-29T03:15:53Z
2026-01-29T03:16:22.585092+00:00,00000000-0000-0000-0000000001b5,10,10+,69,1,0,0,10,69,2026-01-29T03:15:53Z
2026-01-29T03:16:22.585092+00:00,00000000-0000-0000-000000000149,10,10+,40,1,0,0,10,40,2026-01-29T03:15:53Z
2026-01-29T03:16:22.585092+00:00,00000000-0000-0000-0000000001ae,10,10+,46,1,1,1,11,47,2026-01-29T03:15:53Z
2026-01-29T03:16:22.585092+00:00,00000000-0000-0000-0000000001b3,10,10+,85,1,0,0,10,85,2026-01-29T03:16:58Z
2026-01-29T03:16:22.585092+00:00,00000000-0000-0000-000000000007,10,10+,190,1,0,0,10,190,2026-01-29T03:15:38Z
2026-01-29T03:16:22.585092+00:00,00000000-0000-0000-000000000008,10,10+,150,1,0,0,10,150,2026-01-29T03:15:54Z
2026-01-29T03:16:22.585092+00:00,00000000-0000-0000-0000000000c0,10,10+,50,1,1,1,11,51,2026-01-29T03:15:53Z
2026-01-29T03:16:22.585092+00:00,00000000-0000-0000-0000000001a9,6,6,17,0,0,0,6,17,2026-01-29T03:15:53Z
2026-01-29T03:16:22.585092+00:00,00000000-0000-0000-0000000001ad,0,0,38,0,0,0,0,38,2026-01-29T03:15:53Z
2026-01-29T03:16:22.585092+00:00,00000000-0000-0000-0000000001af,10,10+,67,1,0,0,10,67,2026-01-29T03:15:53Z
2026-01-29T03:16:22.585092+00:00,00000000-0000-0000-0000000001ac,10,10+,62,1,0,0,10,62,2026-01-29T03:15:53Z
2026-01-29T03:16:22.585092+00:00,00000000-0000-0000-0000000001ab,9,9,39,0,0,0,9,39,2026-01-29T03:15:53Z
2026-01-29T03:16:22.585092+00:00,00000000-0000-0000-0000000001b1,0,0,18,0,1,1,1,19,2026-01-29T03:15:53Z
2026-01-29T03:16:22.585092+00:00,00000000-0000-0000-0000000001b0,10,10+,468,1,1,1,11,469,2026-01-29T03:15:53Z
2026-01-29T03:16:22.585092+00:00,00000000-0000-0000-0000000001b8,10,10+,75,1,3,3,13,78,2026-01-29T03:15:54Z
2026-01-29T03:16:22.585092+00:00,00000000-0000-0000-0000000001b4,10,10+,353,1,0,0,10,353,2026-01-29T03:15:54Z
2026-01-29T03:16:22.585092+00:00,00000000-0000-0000-00000000006b,2,2,48,0,8,8,10,56,2026-01-29T03:15:53Z
2026-01-29T03:16:22.585092+00:00,00000000-0000-0000-0000000001b6,10,10+,160,1,2,2,12,162,2026-01-29T03:15:57Z
2026-01-29T03:16:22.585092+00:00,00000000-0000-0000-0000000001a8,10,10+,78,1,2,2,12,80,2026-01-29T03:15:53Z
2026-01-29T03:16:22.585092+00:00,00000000-0000-0000-0000000001c4,10,10+,64,1,0,0,10,64,2026-01-29T03:15:53Z
2026-01-29T03:16:22.585092+00:00,00000000-0000-0000-0000000000fc,0,0,43,0,2,2,2,45,2026-01-29T03:15:05Z
2026-01-29T03:16:22.585092+00:00,00000000-0000-0000-00000000010c,10,10+,56,1,12,12,22,68,2026-01-29T03:15:37Z
2026-01-29T03:16:22.585092+00:00,00000000-0000-0000-0000000000ee,10,10+,36,1,0,0,10,36,2026-01-29T03:15:24Z
2026-01-29T03:16:22.585092+00:00,00000000-0000-0000-000000000190,10,10+,22,1,0,0,10,22,2026-01-29T03:15:25Z
2026-01-29T03:16:22.585092+00:00,00000000-0000-0000-0000000000ad,10,10+,31,1,3,3,13,34,2026-01-29T03:15:28Z
2026-01-29T03:16:22.585092+00:00,00000000-0000-0000-0000000000ba,10,10+,33,1,2,2,12,35,2026-01-29T03:15:35Z
2026-01-29T03:16:22.585092+00:00,00000000-0000-0000-0000000000bb,10,10+,61,1,5,5,15,66,2026-01-29T03:15:25Z
2026-01-29T03:16:22.585092+00:00,00000000-0000-0000-0000000000c1,10,10+,24,1,0,0,10,24,2026-01-29T03:15:29Z
2026-01-29T03:16:22.585092+00:00,00000000-0000-0000-0000000000c6,2,2,29,0,0,0,2,29,2026-01-29T03:15:30Z
2026-01-29T03:16:22.585092+00:00,00000000-0000-0000-000000000077,10,10+,77,1,0,0,10,77,2026-01-29T03:15:22Z
2026-01-29T03:16:22.585092+00:00,00000000-0000-0000-000000000069,0,0,46,0,0,0,0,46,2026-01-29T03:15:25Z
2026-01-29T03:16:22.585092+00:00,00000000-0000-0000-000000000068,8,8,22,0,1,1,9,23,2026-01-29T03:15:02Z
2026-01-29T03:16:22.585092+00:00,00000000-0000-0000-000000000063,0,0,53,0,1,1,1,54,2026-01-29T03:15:27Z
2026-01-29T03:16:22.585092+00:00,00000000-0000-0000-00000000002a,10,10+,45,1,0,0,10,45,2026-01-29T03:15:33Z
2026-01-29T03:16:22.585092+00:00,00000000-0000-0000-000000000029,3,3,22,0,0,0,3,22,2026-01-29T03:15:20Z
2026-01-29T03:16:22.585092+00:00,00000000-0000-0000-000000000024,10,10+,69,1,0,0,10,69,2026-01-29T03:15:11Z
2026-01-29T03:16:22.585092+00:00,00000000-0000-0000-000000000020,10,10+,62,1,0,0,10,62,2026-01-29T03:15:34Z
2026-01-29T03:16:22.585092+00:00,00000000-0000-0000-000000000001,10,10+,47,1,0,0,10,47,2026-01-29T03:15:20Z
2026-01-29T03:16:22.585092+00:00,00000000-0000-0000-00000000013b,10,10+,34,1,1,1,11,35,2026-01-29T03:15:26Z
2026-01-29T03:16:22.585092+00:00,00000000-0000-0000-000000000194,0,0,46,0,0,0,0,46,2026-01-29T03:15:35Z
2026-01-29T03:16:22.585092+00:00,00000000-0000-0000-0000000001a7,0,0,10,0,0,0,0,10,2026-01-29T03:15:28Z
2026-01-29T03:16:22.585092+00:00,00000000-0000-0000-0000000001b7,9,9,20,0,1,1,10,21,2026-01-29T03:15:36Z
2026-01-29T03:16:22.585092+00:00,00000000-0000-0000-0000000000ab,0,-,0,0,0,0,0,0,2026-01-28T19:16:23.234120Z
2026-01-29T03:16:22.585092+00:00,00000000-0000-0000-000000000125,0,-,0,0,0,0,0,0,2026-01-28T19:16:23.234145Z
2026-01-29T03:16:22.585092+00:00,00000000-0000-0000-00000000011f,0,-,0,0,0,0,0,0,2026-01-28T19:16:23.234159Z
2026-01-29T03:16:22.585092+00:00,00000000-0000-0000-000000000116,0,-,0,0,0,0,0,0,2026-01-28T19:16:23.234171Z
2026-01-29T03:16:22.585092+00:00,00000000-0000-0000-000000000115,0,-,0,0,0,0,0,0,2026-01-28T19:16:23.234174Z
2026-01-29T03:16:22.585092+00:00,00000000-0000-0000-000000000114,0,-,0,0,0,0,0,0,2026-01-28T19:16:23.234177Z
2026-01-29T03:16:22.585092+00:00,00000000-0000-0000-000000000112,0,-,0,0,0,0,0,0,2026-01-28T19:16:23.234179Z
2026-01-29T03:16:22.585092+00:00,00000000-0000-0000-000000000111,0,-,0,0,0,0,0,0,2026-01-28T19:16:23.234183Z
2026-01-29T03:16:22.585092+00:00,00000000-0000-0000-000000000110,0,-,0,0,0,0,0,0,2026-01-28T19:16:23.234190Z
2026-01-29T03:16:22.585092+00:00,00000000-0000-0000-00000000010e,0,-,0,0,0,0,0,0,2026-01-28T19:16:23.234195Z
2026-01-29T03:16:22.585092+00:00,00000000-0000-0000-00000000010d,0,-,0,0,0,0,0,0,2026-01-28T19:16:23.234199Z
2026-01-29T03:16:22.585092+00:00,00000000-0000-0000-000000000108,0,-,0,0,0,0,0,0,2026-01-28T19:16:23.234205Z
2026-01-29T03:16:22.585092+00:00,00000000-0000-0000-000000000104,0,-,0,0,18,18,18,18,2026-01-28T19:16:23.234213Z
2026-01-29T03:16:22.585092+00:00,00000000-0000-0000-000000000100,0,-,0,0,0,0,0,0,2026-01-28T19:16:23.234221Z
2026-01-29T03:16:22.585092+00:00,00000000-0000-0000-0000000000fb,0,-,0,0,0,0,0,0,2026-01-28T19:16:23.234228Z
2026-01-29T03:16:22.585092+00:00,00000000-0000-0000-0000000000f9,0,-,0,0,0,0,0,0,2026-01-28T19:16:23.234231Z
2026-01-29T03:16:22.585092+00:00,00000000-0000-0000-0000000000f7,0,-,0,0,0,0,0,0,2026-01-28T19:16:23.234236Z
2026-01-29T03:16:22.585092+00:00,00000000-0000-0000-0000000000f6,0,-,0,0,0,0,0,0,2026-01-28T19:16:23.234239Z
2026-01-29T03:16:22.585092+00:00,00000000-0000-0000-0000000000e9,0,-,0,0,0,0,0,0,2026-01-28T19:16:23.234250Z
2026-01-29T03:16:22.585092+00:00,00000000-0000-0000-0000000000e5,0,-,0,0,0,0,0,0,2026-01-28T19:16:23.234253Z
2026-01-29T03:16:22.585092+00:00,00000000-0000-0000-0000000000ca,0,-,0,0,0,0,0,0,2026-01-28T19:16:23.234277Z
2026-01-29T03:16:22.585092+00:00,00000000-0000-0000-0000000000bf,0,-,0,0,69,69,69,69,2026-01-28T19:16:23.234293Z
2026-01-29T03:16:22.585092+00:00,00000000-0000-0000-0000000000be,0,-,0,0,74,74,74,74,2026-01-28T19:16:23.234296Z
2026-01-29T03:16:22.585092+00:00,00000000-0000-0000-0000000000bd,0,-,0,0,1932,1932,1932,1932,2026-01-28T19:16:23.234300Z
2026-01-29T03:16:22.585092+00:00,00000000-0000-0000-0000000000b5,0,-,0,0,0,0,0,0,2026-01-28T19:16:23.234308Z
2026-01-29T03:16:22.585092+00:00,00000000-0000-0000-0000000000aa,0,-,0,0,0,0,0,0,2026-01-28T19:16:23.234321Z
2026-01-29T03:16:22.585092+00:00,00000000-0000-0000-0000000000a8,0,-,0,0,0,0,0,0,2026-01-28T19:16:23.234325Z
2026-01-29T03:16:22.585092+00:00,00000000-0000-0000-0000000000a5,0,-,0,0,0,0,0,0,2026-01-28T19:16:23.234331Z
2026-01-29T03:16:22.585092+00:00,00000000-0000-0000-0000000000a3,0,-,0,0,0,0,0,0,2026-01-28T19:16:23.234335Z
2026-01-29T03:16:22.585092+00:00,00000000-0000-0000-0000000000a2,0,-,0,0,0,0,0,0,2026-01-28T19:16:23.234338Z
2026-01-29T03:16:22.585092+00:00,00000000-0000-0000-0000000000a1,0,-,0,0,0,0,0,0,2026-01-28T19:16:23.234342Z
2026-01-29T03:16:22.585092+00:00,00000000-0000-0000-0000000000a0,0,-,0,0,0,0,0,0,2026-01-28T19:16:23.234346Z
2026-01-29T03:16:22.585092+00:00,00000000-0000-0000-00000000009f,0,-,0,0,0,0,0,0,2026-01-28T19:16:23.234349Z
2026-01-29T03:16:22.585092+00:00,00000000-0000-0000-00000000009e,0,-,0,0,0,0,0,0,2026-01-28T19:16:23.234351Z
2026-01-29T03:16:22.585092+00:00,00000000-0000-0000-00000000009d,0,-,0,0,0,0,0,0,2026-01-28T19:16:23.234357Z
2026-01-29T03:16:22.585092+00:00,00000000-0000-0000-00000000009c,0,-,0,0,0,0,0,0,2026-01-28T19:16:23.234359Z
2026-01-29T03:16:22.585092+00:00,00000000-0000-0000-00000000009b,0,-,0,0,0,0,0,0,2026-01-28T19:16:23.234363Z
2026-01-29T03:16:22.585092+00:00,00000000-0000-0000-00000000009a,0,-,0,0,0,0,0,0,2026-01-28T19:16:23.234368Z
2026-01-29T03:16:22.585092+00:00,00000000-0000-0000-000000000099,0,-,0,0,0,0,0,0,2026-01-28T19:16:23.234372Z
2026-01-29T03:16:22.585092+00:00,00000000-0000-0000-000000000098,0,-,0,0,0,0,0,0,2026-01-28T19:16:23.234376Z
2026-01-29T03:16:22.585092+00:00,00000000-0000-0000-000000000097,0,-,0,0,0,0,0,0,2026-01-28T19:16:23.234380Z
2026-01-29T03:16:22.585092+00:00,00000000-0000-0000-000000000096,0,-,0,0,0,0,0,0,2026-01-28T19:16:23.234384Z
2026-01-29T03:16:22.585092+00:00,00000000-0000-0000-000000000095,0,-,0,0,0,0,0,0,2026-01-28T19:16:23.234387Z
2026-01-29T03:16:22.585092+00:00,00000000-0000-0000-000000000094,0,-,0,0,0,0,0,0,2026-01-28T19:16:23.234391Z
2026-01-29T03:16:22.585092+00:00,00000000-0000-0000-000000000093,0,-,0,0,0,0,0,0,2026-01-28T19:16:23.234394Z
2026-01-29T03:16:22.585092+00:00,00000000-0000-0000-000000000092,0,-,0,0,0,0,0,0,2026-01-28T19:16:23.234398Z
2026-01-29T03:16:22.585092+00:00,00000000-0000-0000-000000000091,0,-,0,0,0,0,0,0,2026-01-28T19:16:23.234403Z
2026-01-29T03:16:22.585092+00:00,00000000-0000-0000-000000000081,0,-,0,0,0,0,0,0,2026-01-28T19:16:23.234407Z
2026-01-29T03:16:22.585092+00:00,00000000-0000-0000-000000000080,0,-,0,0,0,0,0,0,2026-01-28T19:16:23.234412Z
2026-01-29T03:16:22.585092+00:00,00000000-0000-0000-00000000007c,0,-,0,0,0,0,0,0,2026-01-28T19:16:23.234417Z
2026-01-29T03:16:22.585092+00:00,00000000-0000-0000-00000000007b,0,-,0,0,0,0,0,0,2026-01-28T19:16:23.234420Z
2026-01-29T03:16:22.585092+00:00,00000000-0000-0000-000000000073,0,-,0,0,0,0,0,0,2026-01-28T19:16:23.234431Z
2026-01-29T03:16:22.585092+00:00,00000000-0000-0000-000000000072,0,-,0,0,0,0,0,0,2026-01-28T19:16:23.234434Z
2026-01-29T03:16:22.585092+00:00,00000000-0000-0000-000000000067,0,-,0,0,0,0,0,0,2026-01-28T19:16:23.234441Z
2026-01-29T03:16:22.585092+00:00,00000000-0000-0000-000000000066,0,-,0,0,0,0,0,0,2026-01-28T19:16:23.234443Z
2026-01-29T03:16:22.585092+00:00,00000000-0000-0000-000000000064,0,-,0,0,0,0,0,0,2026-01-28T19:16:23.234448Z
2026-01-29T03:16:22.585092+00:00,00000000-0000-0000-000000000062,0,-,0,0,0,0,0,0,2026-01-28T19:16:23.234450Z
2026-01-29T03:16:22.585092+00:00,00000000-0000-0000-000000000061,0,-,0,0,0,0,0,0,2026-01-28T19:16:23.234453Z
2026-01-29T03:16:22.585092+00:00,00000000-0000-0000-00000000005e,0,-,0,0,0,0,0,0,2026-01-28T19:16:23.234458Z
2026-01-29T03:16:22.585092+00:00,00000000-0000-0000-00000000001e,0,-,0,0,1,1,1,1,2026-01-28T19:16:23.234466Z
2026-01-29T03:16:22.585092+00:00,00000000-0000-0000-00000000001c,0,-,0,0,0,0,0,0,2026-01-28T19:16:23.234469Z
2026-01-29T03:16:22.585092+00:00,00000000-0000-0000-00000000001a,0,-,0,0,239,239,239,239,2026-01-28T19:16:23.234473Z
2026-01-29T03:16:22.585092+00:00,00000000-0000-0000-000000000019,0,-,0,0,0,0,0,0,2026-01-28T19:16:23.234476Z
2026-01-29T03:16:22.585092+00:00,00000000-0000-0000-000000000018,0,-,0,0,0,0,0,0,2026-01-28T19:16:23.234479Z
2026-01-29T03:16:22.585092+00:00,00000000-0000-0000-000000000017,0,-,0,0,0,0,0,0,2026-01-28T19:16:23.234483Z
2026-01-29T03:16:22.585092+00:00,00000000-0000-0000-000000000015,0,-,0,0,0,0,0,0,2026-01-28T19:16:23.234486Z
2026-01-29T03:16:22.585092+00:00,00000000-0000-0000-000000000014,0,-,0,0,0,0,0,0,2026-01-28T19:16:23.234490Z
2026-01-29T03:16:22.585092+00:00,00000000-0000-0000-000000000012,0,-,0,0,0,0,0,0,2026-01-28T19:16:23.234493Z
2026-01-29T03:16:22.585092+00:00,00000000-0000-0000-00000000000a,0,-,0,0,0,0,0,0,2026-01-28T19:16:23.234501Z
2026-01-29T03:16:22.585092+00:00,00000000-0000-0000-000000000009,0,-,0,0,0,0,0,0,2026-01-28T19:16:23.234505Z
2026-01-29T03:16:22.585092+00:00,00000000-0000-0000-000000000003,0,-,0,0,0,0,0,0,2026-01-28T19:16:23.234511Z
2026-01-29T03:16:22.585092+00:00,00000000-0000-0000-00000000012e,0,-,0,0,0,0,0,0,2026-01-28T19:16:23.234718Z
2026-01-29T03:16:22.585092+00:00,00000000-0000-0000-00000000012f,0,-,0,0,0,0,0,0,2026-01-28T19:16:23.234724Z
2026-01-29T03:16:22.585092+00:00,00000000-0000-0000-000000000130,0,-,0,0,0,0,0,0,2026-01-28T19:16:23.234729Z
2026-01-29T03:16:22.585092+00:00,00000000-0000-0000-000000000132,0,-,0,0,0,0,0,0,2026-01-28T19:16:23.234734Z
2026-01-29T03:16:22.585092+00:00,00000000-0000-0000-000000000005,0,-,0,0,0,0,0,0,2026-01-28T19:16:23.234757Z
2026-01-29T03:16:22.585092+00:00,00000000-0000-0000-00000000013f,0,-,0,0,0,0,0,0,2026-01-28T19:16:23.234765Z
2026-01-29T03:16:22.585092+00:00,00000000-0000-0000-000000000141,0,-,0,0,0,0,0,0,2026-01-28T19:16:23.234770Z
2026-01-29T03:16:22.585092+00:00,00000000-0000-0000-000000000146,0,-,0,0,0,0,0,0,2026-01-28T19:16:23.234777Z
2026-01-29T03:16:22.585092+00:00,00000000-0000-0000-000000000082,0,-,0,0,0,0,0,0,2026-01-28T19:16:23.234815Z
2026-01-29T03:16:22.585092+00:00,00000000-0000-0000-000000000086,0,-,0,0,0,0,0,0,2026-01-28T19:16:23.234820Z
2026-01-29T03:16:22.585092+00:00,00000000-0000-0000-000000000087,0,-,0,0,0,0,0,0,2026-01-28T19:16:23.234826Z
2026-01-29T03:16:22.585092+00:00,00000000-0000-0000-000000000088,0,-,0,0,0,0,0,0,2026-01-28T19:16:23.234828Z
2026-01-29T03:16:22.585092+00:00,00000000-0000-0000-00000000008b,0,-,0,0,0,0,0,0,2026-01-28T19:16:23.234833Z
2026-01-29T03:16:22.585092+00:00,00000000-0000-0000-00000000008d,0,-,0,0,0,0,0,0,2026-01-28T19:16:23.234837Z
2026-01-29T03:16:22.585092+00:00,00000000-0000-0000-00000000008e,0,-,0,0,0,0,0,0,2026-01-28T19:16:23.234841Z
2026-01-29T03:16:22.585092+00:00,00000000-0000-0000-000000000136,0,-,0,0,0,0,0,0,2026-01-28T19:16:23.234847Z
2026-01-29T03:16:22.585092+00:00,00000000-0000-0000-000000000137,0,-,0,0,0,0,0,0,2026-01-28T19:16:23.234850Z
2026-01-29T03:16:22.585092+00:00,00000000-0000-0000-000000000032,0,-,0,0,0,0,0,0,2026-01-28T19:16:23.234854Z
2026-01-29T03:16:22.585092+00:00,00000000-0000-0000-000000000140,0,-,0,0,0,0,0,0,2026-01-28T19:16:23.234862Z
2026-01-29T03:16:22.585092+00:00,00000000-0000-0000-000000000142,0,-,0,0,0,0,0,0,2026-01-28T19:16:23.234868Z
2026-01-29T03:16:22.585092+00:00,00000000-0000-0000-000000000143,0,-,0,0,0,0,0,0,2026-01-28T19:16:23.234873Z
2026-01-29T03:16:22.585092+00:00,00000000-0000-0000-000000000144,0,-,0,0,0,0,0,0,2026-01-28T19:16:23.234879Z
2026-01-29T03:16:22.585092+00:00,00000000-0000-0000-000000000145,0,-,0,0,0,0,0,0,2026-01-28T19:16:23.234883Z
2026-01-29T03:16:22.585092+00:00,00000000-0000-0000-000000000148,0,-,0,0,0,0,0,0,2026-01-28T19:16:23.234894Z
2026-01-29T03:16:22.585092+00:00,00000000-0000-0000-000000000151,0,-,0,0,0,0,0,0,2026-01-28T19:16:23.234925Z
2026-01-29T03:16:22.585092+00:00,00000000-0000-0000-00000000015c,0,-,0,0,0,0,0,0,2026-01-28T19:16:23.234978Z
2026-01-29T03:16:22.585092+00:00,00000000-0000-0000-00000000015d,0,-,0,0,0,0,0,0,2026-01-28T19:16:23.234982Z
2026-01-29T03:16:22.585092+00:00,00000000-0000-0000-00000000015e,0,-,0,0,0,0,0,0,2026-01-28T19:16:23.234988Z
2026-01-29T03:16:22.585092+00:00,00000000-0000-0000-00000000015f,0,-,0,0,0,0,0,0,2026-01-28T19:16:23.234994Z
2026-01-29T03:16:22.585092+00:00,00000000-0000-0000-000000000160,0,-,0,0,0,0,0,0,2026-01-28T19:16:23.234997Z
2026-01-29T03:16:22.585092+00:00,00000000-0000-0000-000000000161,0,-,0,0,0,0,0,0,2026-01-28T19:16:23.235001Z
2026-01-29T03:16:22.585092+00:00,00000000-0000-0000-000000000162,0,-,0,0,0,0,0,0,2026-01-28T19:16:23.235003Z
2026-01-29T03:16:22.585092+00:00,00000000-0000-0000-000000000163,0,-,0,0,0,0,0,0,2026-01-28T19:16:23.235007Z
2026-01-29T03:16:22.585092+00:00,00000000-0000-0000-000000000164,0,-,0,0,0,0,0,0,2026-01-28T19:16:23.235012Z
2026-01-29T03:16:22.585092+00:00,00000000-0000-0000-000000000168,0,-,0,0,0,0,0,0,2026-01-28T19:16:23.235019Z
2026-01-29T03:16:22.585092+00:00,00000000-0000-0000-000000000165,0,-,0,0,0,0,0,0,2026-01-28T19:16:23.235021Z
2026-01-29T03:16:22.585092+00:00,00000000-0000-0000-000000000169,0,-,0,0,0,0,0,0,2026-01-28T19:16:23.235027Z
2026-01-29T03:16:22.585092+00:00,00000000-0000-0000-00000000016a,0,-,0,0,0,0,0,0,2026-01-28T19:16:23.235031Z
2026-01-29T03:16:22.585092+00:00,00000000-0000-0000-00000000016b,0,-,0,0,0,0,0,0,2026-01-28T19:16:23.235035Z
2026-01-29T03:16:22.585092+00:00,00000000-0000-0000-00000000016c,0,-,0,0,0,0,0,0,2026-01-28T19:16:23.235039Z
2026-01-29T03:16:22.585092+00:00,00000000-0000-0000-000000000166,0,-,0,0,0,0,0,0,2026-01-28T19:16:23.235042Z
2026-01-29T03:16:22.585092+00:00,00000000-0000-0000-000000000167,0,-,0,0,0,0,0,0,2026-01-28T19:16:23.235047Z
2026-01-29T03:16:22.585092+00:00,00000000-0000-0000-000000000159,0,-,0,0,3,3,3,3,2026-01-28T19:16:23.235054Z
2026-01-29T03:16:22.585092+00:00,00000000-0000-0000-00000000015a,0,-,0,0,0,0,0,0,2026-01-28T19:16:23.235063Z
2026-01-29T03:16:22.585092+00:00,00000000-0000-0000-00000000016f,0,-,0,0,0,0,0,0,2026-01-28T19:16:23.235072Z
2026-01-29T03:16:22.585092+00:00,00000000-0000-0000-000000000174,0,-,0,0,0,0,0,0,2026-01-28T19:16:23.235080Z
2026-01-29T03:16:22.585092+00:00,00000000-0000-0000-00000000018e,0,-,0,0,0,0,0,0,2026-01-28T19:16:23.235104Z
2026-01-29T03:16:22.585092+00:00,00000000-0000-0000-000000000195,0,-,0,0,0,0,0,0,2026-01-28T19:16:23.235115Z
2026-01-29T03:16:22.585092+00:00,00000000-0000-0000-000000000192,0,-,0,0,0,0,0,0,2026-01-28T19:16:23.235147Z
2026-01-29T03:16:22.585092+00:00,00000000-0000-0000-000000000193,0,-,0,0,0,0,0,0,2026-01-28T19:16:23.235149Z
2026-01-29T03:16:22.585092+00:00,00000000-0000-0000-000000000173,0,-,0,0,0,0,0,0,2026-01-28T19:16:23.235155Z
2026-01-29T03:16:22.585092+00:00,00000000-0000-0000-00000000018f,0,-,0,0,0,0,0,0,2026-01-28T19:16:23.235165Z
2026-01-29T03:16:22.585092+00:00,00000000-0000-0000-0000000001a5,0,-,0,0,950,950,950,950,2026-01-28T19:16:23.235206Z
2026-01-29T03:16:22.585092+00:00,00000000-0000-0000-000000000147,0,-,0,0,7,7,7,7,2026-01-28T19:16:23.235316Z
2026-01-29T03:16:22.585092+00:00,00000000-0000-0000-0000000001c0,0,-,0,0,0,0,0,0,2026-01-28T19:16:23.235338Z
2026-01-29T03:16:22.585092+00:00,00000000-0000-0000-0000000001c2,0,-,0,0,0,0,0,0,2026-01-28T19:16:23.235344Z
2026-01-29T03:16:22.585092+00:00,00000000-0000-0000-0000000001c5,0,-,0,0,10,10,10,10,2026-01-28T19:16:23.235352Z
2026-01-29T03:16:22.585092+00:00,00000000-0000-0000-0000000001c8,0,-,0,0,7,7,7,7,2026-01-28T19:16:23.235362Z
2026-01-29T03:16:22.585092+00:00,00000000-0000-0000-0000000001c9,0,-,0,0,0,0,0,0,2026-01-28T19:16:23.235378Z
2026-01-29T03:16:22.585092+00:00,00000000-0000-0000-0000000001cc,0,-,0,0,0,0,0,0,2026-01-28T19:16:23.235385Z
