scraped_at,carpark_id,name,guest_available,guest_available_display,guest_total,monthly_available,monthly_is_full,monthly_total,total,total_available,last_update
2026-02-11T00:49:05.459897+08:00,00000000-0000-0000-00000000012a,World Trade Centre,10,10+,152,1,False,1,153,11,2026-02-10T16:48:50Z
2026-02-11T00:49:05.459897+08:00,00000000-0000-0000-0000000000d8,8 Commercial Tower,10,10+,106,58,False,58,164,68,2026-02-10T16:48:50Z
2026-02-11T00:49:05.459897+08:00,00000000-0000-0000-0000000000ff,New Mandarin Plaza,10,10+,137,14,False,14,151,24,2026-02-10T16:48:50Z
2026-02-11T00:49:05.459897+08:00,00000000-0000-0000-000000000119,The Sun Arcade,10,10+,120,30,False,30,150,40,2026-02-10T16:48:50Z
2026-02-11T00:49:05.459897+08:00,00000000-0000-0000-000000000103,Sunway Gardens,10,10+,511,30,False,30,541,40,2026-02-10T16:48:50Z
2026-02-11T00:49:05.459897+08:00,00000000-0000-0000-0000000000f8,Chinachem Tsuen Wan Plaza,10,10+,59,10,False,10,69,20,2026-02-10T16:48:52Z
2026-02-11T00:49:05.459897+08:00,00000000-0000-0000-000000000121,Fu Shing Building,10,10+,305,22,False,22,327,32,2026-02-10T16:48:50Z
2026-02-11T00:49:05.459897+08:00,00000000-0000-0000-00000000010a,Fortune Plaza,10,10+,133,10,False,10,143,20,2026-02-10T16:48:52Z
2026-02-11T00:49:05.459897+08:00,00000000-0000-0000-00000000007d,Chi Fu Landmark,10,10+,334,552,False,552,886,562,2026-02-10T16:48:50Z
2026-02-11T00:49:05.459897+08:00,00000000-0000-0000-000000000124,Kwai Sing Centre,10,10+,137,6,False,6,143,16,2026-02-10T16:48:52Z
2026-02-11T00:49:05.459897+08:00,00000000-0000-0000-00000000011d,Ho Shun Tai Building,10,10+,108,15,False,15,123,25,2026-02-10T16:48:52Z
2026-02-11T00:49:05.459897+08:00,00000000-0000-0000-000000000102,Peninsula Square,10,10+,270,20,False,20,290,30,2026-02-10T16:48:50Z
2026-02-11T00:49:05.459897+08:00,00000000-0000-0000-000000000118,YOHO PLUS,10,10+,857,29,False,29,886,39,2026-02-10T16:48:50Z
2026-02-11T00:49:05.459897+08:00,00000000-0000-0000-00000000011c,Chinachem Golden Plaza,10,10+,189,7,False,7,196,17,2026-02-10T16:48:50Z
2026-02-11T00:49:05.459897+08:00,00000000-0000-0000-000000000122,Viking Gardens,10,10+,50,6,False,6,56,16,2026-02-10T16:48:50Z
2026-02-11T00:49:05.459897+08:00,00000000-0000-0000-00000000011e,Shun Fook Barn Car Park,10,10+,316,0,True,0,316,10,2026-02-10T16:48:52Z
2026-02-11T00:49:05.459897+08:00,00000000-0000-0000-0000000000dc,Concord Square,10,10+,107,0,True,0,107,10,2026-02-10T16:48:52Z
2026-02-11T00:49:05.459897+08:00,00000000-0000-0000-00000000019e,New Commerce Centre,10,10+,22,0,True,0,22,10,2026-02-10T16:48:52Z
2026-02-11T00:49:05.459897+08:00,00000000-0000-0000-000000000196,International Trade Centre,10,10+,52,6,False,6,58,16,2026-02-10T16:48:52Z
2026-02-11T00:49:05.459897+08:00,00000000-0000-0000-0000000000f4,Two Chinachem Exchange Square,10,10+,79,5,False,5,84,15,2026-02-10T16:48:50Z
2026-02-11T00:49:05.459897+08:00,00000000-0000-0000-0000000000d7,Tak Bo Garden,10,10+,215,18,False,18,233,28,2026-02-10T16:48:52Z
2026-02-11T00:49:05.459897+08:00,00000000-0000-0000-00000000019d,Honour Industrial Centre,10,10+,32,5,False,5,37,15,2026-02-10T16:48:50Z
2026-02-11T00:49:05.459897+08:00,00000000-0000-0000-0000000000c2,Sun Kwai Hing Plaza,10,10+,170,0,True,0,170,10,2026-02-10T16:48:52Z
2026-02-11T00:49:05.459897+08:00,00000000-0000-0000-000000000129,Star Ferry Car Park,10,10+,320,0,True,0,320,10,2026-02-10T16:48:31Z
2026-02-11T00:49:05.459897+08:00,00000000-0000-0000-000000000128,City Hall Car Park,10,10+,130,0,True,0,130,10,2026-02-10T16:48:47Z
2026-02-11T00:49:05.459897+08:00,00000000-0000-0000-000000000127,Kwai Fong Car Park,10,10+,180,0,True,0,180,10,2026-02-10T16:48:52Z
2026-02-11T00:49:05.459897+08:00,00000000-0000-0000-000000000191,Marina 8,10,10+,51,2,False,2,53,12,2026-02-10T16:48:50Z
2026-02-11T00:49:05.459897+08:00,00000000-0000-0000-00000000001b,New Town Mansion,10,10+,114,6,False,6,120,16,2026-02-10T16:48:52Z
2026-02-11T00:49:05.459897+08:00,00000000-0000-0000-0000000000c8,Admiralty Car Park,10,10+,510,17,False,17,527,27,2026-02-10T16:48:50Z
2026-02-11T00:49:05.459897+08:00,00000000-0000-0000-0000000000b4,Botania Villa,10,10+,54,0,True,0,54,10,2026-02-10T16:48:52Z
2026-02-11T00:49:05.459897+08:00,00000000-0000-0000-0000000000f5,Hop Yick Plaza,10,10+,75,3,False,3,78,13,2026-02-10T16:48:52Z
2026-02-11T00:49:05.459897+08:00,00000000-0000-0000-0000000000f2,CCT Telecom Building,10,10+,95,2,False,2,97,12,2026-02-10T16:48:52Z
2026-02-11T00:49:05.459897+08:00,00000000-0000-0000-0000000000a6,Shanghai Industrial Investment Building,10,10+,77,2,False,2,79,12,2026-02-10T16:48:50Z
2026-02-11T00:49:05.459897+08:00,00000000-0000-0000-0000000001a6,Hi-Tech Industrial Centre,10,10+,51,1,False,1,52,11,2026-02-10T16:48:50Z
2026-02-11T00:49:05.459897+08:00,00000000-0000-0000-0000000000c3,Metropolis Plaza,10,10+,128,12,False,12,140,22,2026-02-10T16:48:52Z
2026-02-11T00:49:05.459897+08:00,00000000-0000-0000-0000000000b9,Castello,0,0,43,0,True,0,43,0,2026-02-10T16:48:52Z
2026-02-11T00:49:05.459897+08:00,00000000-0000-0000-0000000000bc,Peninsula Tower,10,10+,77,6,False,6,83,16,2026-02-10T16:48:52Z
2026-02-11T00:49:05.459897+08:00,00000000-0000-0000-000000000109,Lai Bo Garden,10,10+,269,0,True,0,269,10,2026-02-10T16:48:52Z
2026-02-11T00:49:05.459897+08:00,00000000-0000-0000-000000000105,Eldo Court,10,10+,183,33,False,33,216,43,2026-02-10T16:48:50Z
2026-02-11T00:49:05.459897+08:00,00000000-0000-0000-000000000126,Victoria Centre,10,10+,95,4,False,4,99,14,2026-02-10T16:48:50Z
2026-02-11T00:49:05.459897+08:00,00000000-0000-0000-000000000101,Sai Kung Town Centre,10,10+,371,83,False,83,454,93,2026-02-10T16:48:52Z
2026-02-11T00:49:05.459897+08:00,00000000-0000-0000-000000000117,Hong Lai Gardens,10,10+,303,25,False,25,328,35,2026-02-10T16:48:50Z
2026-02-11T00:49:05.459897+08:00,00000000-0000-0000-0000000001c3,Wonderland Villas (Northern),10,10+,506,84,False,84,590,94,2026-02-10T16:48:52Z
2026-02-11T00:49:05.459897+08:00,00000000-0000-0000-0000000000a4,Kwai Fong Terrace,10,10+,192,11,False,11,203,21,2026-02-10T16:48:52Z
2026-02-11T00:49:05.459897+08:00,00000000-0000-0000-0000000000ae,Hilton Plaza,10,10+,319,27,False,27,346,37,2026-02-10T16:48:50Z
2026-02-11T00:49:05.459897+08:00,00000000-0000-0000-00000000019a,Tai Po Mega Mall Multi-Storey Car Park,10,10+,830,14,False,14,844,24,2026-02-10T16:48:52Z
2026-02-11T00:49:05.459897+08:00,00000000-0000-0000-00000000010b,Tsuen Wan Plaza,10,10+,260,0,True,0,260,10,2026-02-10T16:47:49Z
2026-02-11T00:49:05.459897+08:00,00000000-0000-0000-000000000079,Eightland Gardens,10,10+,85,8,False,8,93,18,2026-02-10T16:48:52Z
2026-02-11T00:49:05.459897+08:00,00000000-0000-0000-00000000006c,Bellagio,10,10+,155,0,True,0,155,10,2026-02-10T16:48:52Z
2026-02-11T00:49:05.459897+08:00,00000000-0000-0000-0000000000dd,Grandway Garden,10,10+,154,43,False,43,197,53,2026-02-10T16:48:52Z
2026-02-11T00:49:05.459897+08:00,00000000-0000-0000-0000000000de,Wai Wah Centre,10,10+,85,37,False,37,122,47,2026-02-10T16:48:50Z
2026-02-11T00:49:05.459897+08:00,00000000-0000-0000-0000000000db,Austin Tower,10,10+,119,3,False,3,122,13,2026-02-10T16:48:50Z
2026-02-11T00:49:05.459897+08:00,00000000-0000-0000-0000000001a4,Brill Plaza,10,10+,36,1,False,1,37,11,2026-02-10T16:48:50Z
2026-02-11T00:49:05.459897+08:00,00000000-0000-0000-0000000000c5,Thriving Industrial Centre,10,10+,37,4,False,4,41,14,2026-02-10T16:48:50Z
2026-02-11T00:49:05.459897+08:00,00000000-0000-0000-000000000199,Lucky Plaza,10,10+,637,24,False,24,661,34,2026-02-10T16:48:50Z
2026-02-11T00:49:05.459897+08:00,00000000-0000-0000-00000000018d,909 Cheung Sha Wan Road,2,2,29,2,False,2,31,4,2026-02-10T16:48:52Z
2026-02-11T00:49:05.459897+08:00,00000000-0000-0000-0000000000a7,Hong Kong Plaza,10,10+,156,13,False,13,169,23,2026-02-10T16:48:50Z
2026-02-11T00:49:05.459897+08:00,00000000-0000-0000-0000000000b6,Wah Ming Centre,10,10+,71,3,False,3,74,13,2026-02-10T16:48:50Z
2026-02-11T00:49:05.459897+08:00,00000000-0000-0000-000000000120,The Park Lane,10,10+,280,25,False,25,305,35,2026-02-10T16:48:50Z
2026-02-11T00:49:05.459897+08:00,00000000-0000-0000-0000000000a9,Blossom Garden,3,3,48,0,True,0,48,3,2026-02-10T16:48:52Z
2026-02-11T00:49:05.459897+08:00,00000000-0000-0000-0000000000b2,Tsuen Kam Centre,10,10+,85,4,False,4,89,14,2026-02-10T16:48:52Z
2026-02-11T00:49:05.459897+08:00,00000000-0000-0000-0000000000b3,Tsuen Wan Centre ,2,2,83,13,False,13,96,15,2026-02-10T16:48:52Z
2026-02-11T00:49:05.459897+08:00,00000000-0000-0000-0000000000cc,Fanling Town Centre,10,10+,282,41,False,41,323,51,2026-02-10T16:48:52Z
2026-02-11T00:49:05.459897+08:00,00000000-0000-0000-0000000000ac,HSBC Centre,10,10+,342,0,True,0,342,10,2026-02-10T16:48:50Z
2026-02-11T00:49:05.459897+08:00,00000000-0000-0000-0000000000c9,New Tech Plaza,10,10+,85,0,True,0,85,10,2026-02-10T16:48:52Z
2026-02-11T00:49:05.459897+08:00,00000000-0000-0000-0000000000cb,Evergreen Court,10,10+,349,11,False,11,360,21,2026-02-10T16:48:52Z
2026-02-11T00:49:05.459897+08:00,00000000-0000-0000-0000000000d0,Sheung Shui Town Centre,10,10+,174,57,False,57,231,67,2026-02-10T16:48:52Z
2026-02-11T00:49:05.459897+08:00,00000000-0000-0000-000000000197,Wetland Public Vehicle Park,0,0,131,2,False,2,133,2,2026-02-10T16:48:50Z
2026-02-11T00:49:05.459897+08:00,00000000-0000-0000-00000000000e,Chelsea Heights Phase I,10,10+,60,0,True,0,60,10,2026-02-10T16:48:52Z
2026-02-11T00:49:05.459897+08:00,00000000-0000-0000-00000000007a,Chelsea Heights Phase II,10,10+,157,0,True,0,157,10,2026-02-10T16:48:52Z
2026-02-11T00:49:05.459897+08:00,00000000-0000-0000-0000000000ec,Harbour Pinnacle,10,10+,35,0,True,0,35,10,2026-02-10T16:30:50Z
2026-02-11T00:49:05.459897+08:00,00000000-0000-0000-000000000011,Nan Fung Commercial Centre,10,10+,133,90,False,90,223,100,2026-02-10T16:48:50Z
2026-02-11T00:49:05.459897+08:00,00000000-0000-0000-000000000074,Two Sky Parc,10,10+,135,0,True,0,135,10,2026-02-10T16:48:52Z
2026-02-11T00:49:05.459897+08:00,00000000-0000-0000-0000000000fe,Siu On Centre,10,10+,49,2,False,2,51,12,2026-02-10T16:48:50Z
2026-02-11T00:49:05.459897+08:00,00000000-0000-0000-0000000000af,Wealthy Garden,10,10+,50,0,True,0,50,10,2026-02-10T16:48:52Z
2026-02-11T00:49:05.459897+08:00,00000000-0000-0000-00000000001f,Wang Kwong Road,10,10+,156,13,False,13,169,23,2026-02-10T16:48:52Z
2026-02-11T00:49:05.459897+08:00,00000000-0000-0000-0000000000eb,Sai Kung Garden,10,10+,37,3,False,3,40,13,2026-02-10T16:48:52Z
2026-02-11T00:49:05.459897+08:00,00000000-0000-0000-0000000000c4,Yuen Long Plaza,10,10+,36,0,True,0,36,10,2026-02-10T16:48:52Z
2026-02-11T00:49:05.459897+08:00,00000000-0000-0000-000000000152,Coda Plaza,10,10+,54,0,True,0,54,10,2026-02-10T16:48:52Z
2026-02-11T00:49:05.459897+08:00,00000000-0000-0000-0000000001b2,Hoi Wah Road (II),3,3,118,0,True,0,118,3,2026-02-10T16:48:50Z
2026-02-11T00:49:05.459897+08:00,00000000-0000-0000-00000000006f,AEON Lai Chi Kok Store,10,10+,66,7,False,7,73,17,2026-02-10T16:48:52Z
2026-02-11T00:49:05.459897+08:00,00000000-0000-0000-00000000000f,Mei Foo Sun Chuen Stage 4,10,10+,117,36,False,36,153,46,2026-02-10T16:48:52Z
2026-02-11T00:49:05.459897+08:00,00000000-0000-0000-00000000011b,Onbury,10,10+,69,3,False,3,72,13,2026-02-10T16:48:50Z
2026-02-11T00:49:05.459897+08:00,00000000-0000-0000-00000000006d,East Town Building,10,10+,34,0,True,0,34,10,2026-02-10T16:48:50Z
2026-02-11T00:49:05.459897+08:00,00000000-0000-0000-000000000010,Mei Foo Sun Chuen Stage 7,10,10+,207,58,False,58,265,68,2026-02-10T16:48:52Z
2026-02-11T00:49:05.459897+08:00,00000000-0000-0000-0000000000b7,K-Point,9,9,42,0,True,0,42,9,2026-02-10T16:48:52Z
2026-02-11T00:49:05.459897+08:00,00000000-0000-0000-00000000010f,Harbour Heights O/A,10,10+,90,13,False,13,103,23,2026-02-10T16:48:52Z
2026-02-11T00:49:05.459897+08:00,00000000-0000-0000-000000000065,Capital Building,10,10+,52,0,True,0,52,10,2026-02-10T16:48:52Z
2026-02-11T00:49:05.459897+08:00,00000000-0000-0000-00000000002c,Wu Shan Road,10,10+,173,34,False,34,207,44,2026-02-10T16:48:50Z
2026-02-11T00:49:05.459897+08:00,00000000-0000-0000-00000000019f,New Trade Plaza,10,10+,80,8,False,8,88,18,2026-02-10T16:48:52Z
2026-02-11T00:49:05.459897+08:00,00000000-0000-0000-0000000000cd,Shatin Park Stage 1,3,3,66,16,False,16,82,19,2026-02-10T16:48:52Z
2026-02-11T00:49:05.459897+08:00,00000000-0000-0000-0000000000cf,Shatin Park Stage 3,10,10+,77,26,False,26,103,36,2026-02-10T16:48:52Z
2026-02-11T00:49:05.459897+08:00,00000000-0000-0000-000000000123,Po Sing Centre,6,6,42,0,True,0,42,6,2026-02-10T16:48:52Z
2026-02-11T00:49:05.459897+08:00,00000000-0000-0000-00000000002e,The ONE,10,10+,134,0,True,0,134,10,2026-02-10T16:48:50Z
2026-02-11T00:49:05.459897+08:00,00000000-0000-0000-0000000000b0,Lun Fung Court,10,10+,54,2,False,2,56,12,2026-02-10T16:48:50Z
2026-02-11T00:49:05.459897+08:00,00000000-0000-0000-00000000015b,One Sky Parc,10,10+,46,0,True,0,46,10,2026-02-10T16:48:50Z
2026-02-11T00:49:05.459897+08:00,00000000-0000-0000-00000000000d,Centre Parc,10,10+,42,4,False,4,46,14,2026-02-10T16:48:50Z
2026-02-11T00:49:05.459897+08:00,00000000-0000-0000-00000000013d,Port 33,10,10+,75,2,False,2,77,12,2026-02-10T16:48:50Z
2026-02-11T00:49:05.459897+08:00,00000000-0000-0000-0000000001b5,Harbour North Phase 2-3,10,10+,69,0,True,0,69,10,2026-02-10T16:48:55Z
2026-02-11T00:49:05.459897+08:00,00000000-0000-0000-000000000149,Hyatt Centric,10,10+,40,0,True,0,40,10,2026-02-10T16:48:52Z
2026-02-11T00:49:05.459897+08:00,00000000-0000-0000-0000000001ae,Eight Regency,2,2,46,0,True,0,46,2,2026-02-10T16:48:50Z
2026-02-11T00:49:05.459897+08:00,00000000-0000-0000-0000000001b3,V Walk,10,10+,85,0,True,0,85,10,2026-02-10T16:49:54Z
2026-02-11T00:49:05.459897+08:00,00000000-0000-0000-000000000007,Tin Hau Car Park,10,10+,190,0,True,0,190,10,2026-02-10T16:48:38Z
2026-02-11T00:49:05.459897+08:00,00000000-0000-0000-000000000008,Tsuen Wan Car Park,10,10+,150,0,True,0,150,10,2026-02-10T16:47:57Z
2026-02-11T00:49:05.459897+08:00,00000000-0000-0000-0000000000c0,Fung Nam Road,9,9,50,4,False,4,54,13,2026-02-10T16:48:50Z
2026-02-11T00:49:05.459897+08:00,00000000-0000-0000-0000000001a9,Mega Trade Centre,10,10+,17,0,True,0,17,10,2026-02-10T16:48:50Z
2026-02-11T00:49:05.459897+08:00,00000000-0000-0000-0000000001ad,Tonic Industrial Centre,8,8,38,0,True,0,38,8,2026-02-10T16:48:50Z
2026-02-11T00:49:05.459897+08:00,00000000-0000-0000-0000000001af,SOHO West,10,10+,67,0,True,0,67,10,2026-02-10T16:48:50Z
2026-02-11T00:49:05.459897+08:00,00000000-0000-0000-0000000001ac,Aster Court,10,10+,62,0,True,0,62,10,2026-02-10T16:48:50Z
2026-02-11T00:49:05.459897+08:00,00000000-0000-0000-0000000001ab,Beauty Court,4,4,39,0,True,0,39,4,2026-02-10T16:48:50Z
2026-02-11T00:49:05.459897+08:00,00000000-0000-0000-0000000001b1,Kodak House II,10,10+,18,1,False,1,19,11,2026-02-10T16:48:50Z
2026-02-11T00:49:05.459897+08:00,00000000-0000-0000-0000000001b0,Mayfair Gardens,10,10+,468,1,False,1,469,11,2026-02-10T16:48:50Z
2026-02-11T00:49:05.459897+08:00,00000000-0000-0000-0000000001b8,S22,10,10+,75,3,False,3,78,13,2026-02-10T16:48:56Z
2026-02-11T00:49:05.459897+08:00,00000000-0000-0000-0000000001b4,GO PARK Sai Sha,10,10+,353,0,True,0,353,10,2026-02-10T16:48:56Z
2026-02-11T00:49:05.459897+08:00,00000000-0000-0000-00000000006b,Ho Fai Garden,10,10+,48,14,False,14,62,24,2026-02-10T16:48:50Z
2026-02-11T00:49:05.459897+08:00,00000000-0000-0000-0000000001b6,Ka Fu Fong Public Car Park,10,10+,160,0,True,0,160,10,2026-02-10T16:48:51Z
2026-02-11T00:49:05.459897+08:00,00000000-0000-0000-0000000001a8,The Burrow,10,10+,78,1,False,1,79,11,2026-02-10T16:48:52Z
2026-02-11T00:49:05.459897+08:00,00000000-0000-0000-0000000001c4,GO PARK 2,10,10+,64,0,True,0,64,10,2026-02-10T16:48:50Z
2026-02-11T00:49:05.459897+08:00,00000000-0000-0000-0000000000fc,Cheong Shing Court,10,10+,43,0,True,0,43,10,2026-02-10T16:48:36Z
2026-02-11T00:49:05.459897+08:00,00000000-0000-0000-00000000010c,Easy Tower,10,10+,56,11,False,11,67,21,2026-02-10T16:48:05Z
2026-02-11T00:49:05.459897+08:00,00000000-0000-0000-0000000000ee,Bedford Road,10,10+,36,0,True,0,36,10,2026-02-10T16:48:27Z
2026-02-11T00:49:05.459897+08:00,00000000-0000-0000-000000000190,Yue Kwong Chuen,10,10+,22,0,True,0,22,10,2026-02-10T16:48:20Z
2026-02-11T00:49:05.459897+08:00,00000000-0000-0000-0000000000ad,Chinachem Century Tower,10,10+,31,4,False,4,35,14,2026-02-10T16:48:09Z
2026-02-11T00:49:05.459897+08:00,00000000-0000-0000-0000000000ba,Millennium Trade Centre,10,10+,33,1,False,1,34,11,2026-02-10T16:48:27Z
2026-02-11T00:49:05.459897+08:00,00000000-0000-0000-0000000000bb,Grand City Plaza,10,10+,61,8,False,8,69,18,2026-02-10T16:48:19Z
2026-02-11T00:49:05.459897+08:00,00000000-0000-0000-0000000000c1,San Shing Avenue,10,10+,24,0,True,0,24,10,2026-02-10T16:48:28Z
2026-02-11T00:49:05.459897+08:00,00000000-0000-0000-0000000000c6,The Chelsea ,9,9,29,0,True,0,29,9,2026-02-10T16:48:35Z
2026-02-11T00:49:05.459897+08:00,00000000-0000-0000-000000000077,Kailey Industrial Centre,10,10+,77,0,True,0,77,10,2026-02-10T16:48:17Z
2026-02-11T00:49:05.459897+08:00,00000000-0000-0000-000000000069,Venice Garden,0,0,46,0,True,0,46,0,2026-02-10T16:48:29Z
2026-02-11T00:49:05.459897+08:00,00000000-0000-0000-000000000068,South Lane,10,10+,22,1,False,1,23,11,2026-02-10T16:48:24Z
2026-02-11T00:49:05.459897+08:00,00000000-0000-0000-000000000063,Tsan Yung Mansion,10,10+,53,1,False,1,54,11,2026-02-10T16:48:28Z
2026-02-11T00:49:05.459897+08:00,00000000-0000-0000-00000000002a,Tsuen King Circuit,4,4,45,0,True,0,45,4,2026-02-10T16:48:11Z
2026-02-11T00:49:05.459897+08:00,00000000-0000-0000-000000000029,Wing Lung Street,5,5,22,0,True,0,22,5,2026-02-10T16:48:36Z
2026-02-11T00:49:05.459897+08:00,00000000-0000-0000-000000000024,Brighton Place,10,10+,69,6,False,6,75,16,2026-02-10T16:48:36Z
2026-02-11T00:49:05.459897+08:00,00000000-0000-0000-000000000020,KC100,10,10+,62,0,True,0,62,10,2026-02-10T16:48:16Z
2026-02-11T00:49:05.459897+08:00,00000000-0000-0000-000000000001,EDGE,10,10+,47,0,True,0,47,10,2026-02-10T16:48:33Z
2026-02-11T00:49:05.459897+08:00,00000000-0000-0000-00000000013b,Lancashire Centre,10,10+,34,1,False,1,35,11,2026-02-10T16:48:11Z
2026-02-11T00:49:05.459897+08:00,00000000-0000-0000-000000000194,Yuk Yat Street ,10,10+,46,0,True,0,46,10,2026-02-10T16:48:02Z
2026-02-11T00:49:05.459897+08:00,00000000-0000-0000-0000000001a7,Valiant Industrial Centre,5,5,10,0,True,0,10,5,2026-02-10T16:48:16Z
2026-02-11T00:49:05.459897+08:00,00000000-0000-0000-0000000001b7,Technology Plaza,10,10+,20,0,True,0,20,10,2026-02-10T16:48:34Z
2026-02-11T00:49:05.459897+08:00,00000000-0000-0000-0000000000ab,,0,-,0,0,True,0,0,0,2026-02-10T08:49:06.145983Z
2026-02-11T00:49:05.459897+08:00,00000000-0000-0000-000000000125,,0,-,0,0,True,0,0,0,2026-02-10T08:49:06.146019Z
2026-02-11T00:49:05.459897+08:00,00000000-0000-0000-00000000011f,,0,-,0,0,True,0,0,0,2026-02-10T08:49:06.146043Z
2026-02-11T00:49:05.459897+08:00,00000000-0000-0000-000000000116,,0,-,0,0,True,0,0,0,2026-02-10T08:49:06.146060Z
2026-02-11T00:49:05.459897+08:00,00000000-0000-0000-000000000115,,0,-,0,0,True,0,0,0,2026-02-10T08:49:06.146063Z
2026-02-11T00:49:05.459897+08:00,00000000-0000-0000-000000000114,,0,-,0,0,True,0,0,0,2026-02-10T08:49:06.146067Z
2026-02-11T00:49:05.459897+08:00,00000000-0000-0000-000000000112,,0,-,0,0,True,0,0,0,2026-02-10T08:49:06.146069Z
2026-02-11T00:49:05.459897+08:00,00000000-0000-0000-000000000111,,0,-,0,0,True,0,0,0,2026-02-10T08:49:06.146074Z
2026-02-11T00:49:05.459897+08:00,00000000-0000-0000-000000000110,,0,-,0,0,True,0,0,0,2026-02-10T08:49:06.146083Z
2026-02-11T00:49:05.459897+08:00,00000000-0000-0000-00000000010e,,0,-,0,0,True,0,0,0,2026-02-10T08:49:06.146089Z
2026-02-11T00:49:05.459897+08:00,00000000-0000-0000-00000000010d,,0,-,0,0,True,0,0,0,2026-02-10T08:49:06.146093Z
2026-02-11T00:49:05.459897+08:00,00000000-0000-0000-000000000108,Dragon Centre (Sham Shui Po),0,-,0,0,True,0,0,0,2026-02-10T08:49:06.146100Z
2026-02-11T00:49:05.459897+08:00,00000000-0000-0000-000000000104,Kam Tao Building,0,-,0,18,False,18,18,18,2026-02-10T08:49:06.146111Z
2026-02-11T00:49:05.459897+08:00,00000000-0000-0000-000000000100,,0,-,0,0,True,0,0,0,2026-02-10T08:49:06.146119Z
2026-02-11T00:49:05.459897+08:00,00000000-0000-0000-0000000000fb,,0,-,0,0,True,0,0,0,2026-02-10T08:49:06.146129Z
2026-02-11T00:49:05.459897+08:00,00000000-0000-0000-0000000000f9,,0,-,0,0,True,0,0,0,2026-02-10T08:49:06.146132Z
2026-02-11T00:49:05.459897+08:00,00000000-0000-0000-0000000000f7,Southmark,0,-,0,0,True,0,0,0,2026-02-10T08:49:06.146138Z
2026-02-11T00:49:05.459897+08:00,00000000-0000-0000-0000000000f6,,0,-,0,0,True,0,0,0,2026-02-10T08:49:06.146143Z
2026-02-11T00:49:05.459897+08:00,00000000-0000-0000-0000000000e9,South Wave Court,0,-,0,0,True,0,0,0,2026-02-10T08:49:06.146159Z
2026-02-11T00:49:05.459897+08:00,00000000-0000-0000-0000000000e5,Cheung Sha Wan Wholesale Food Market,0,-,0,0,True,0,0,0,2026-02-10T08:49:06.146164Z
2026-02-11T00:49:05.459897+08:00,00000000-0000-0000-0000000000ca,,0,-,0,0,True,0,0,0,2026-02-10T08:49:06.146198Z
2026-02-11T00:49:05.459897+08:00,00000000-0000-0000-0000000000bf,Millennium City 6,0,-,0,68,False,68,68,68,2026-02-10T08:49:06.146219Z
2026-02-11T00:49:05.459897+08:00,00000000-0000-0000-0000000000be,Millennium City 2 & 3,0,-,0,71,False,71,71,71,2026-02-10T08:49:06.146223Z
2026-02-11T00:49:05.459897+08:00,00000000-0000-0000-0000000000bd,Millennium City 1 ,0,-,0,1929,False,1929,1929,1929,2026-02-10T08:49:06.146228Z
2026-02-11T00:49:05.459897+08:00,00000000-0000-0000-0000000000b5,,0,-,0,0,True,0,0,0,2026-02-10T08:49:06.146239Z
2026-02-11T00:49:05.459897+08:00,00000000-0000-0000-0000000000aa,,0,-,0,0,True,0,0,0,2026-02-10T08:49:06.146255Z
2026-02-11T00:49:05.459897+08:00,00000000-0000-0000-0000000000a8,Wonderland Villas (Eastern),0,-,0,0,True,0,0,0,2026-02-10T08:49:06.146260Z
2026-02-11T00:49:05.459897+08:00,00000000-0000-0000-0000000000a5,Grand Waterfront,0,-,0,0,True,0,0,0,2026-02-10T08:49:06.146268Z
2026-02-11T00:49:05.459897+08:00,00000000-0000-0000-0000000000a3,,0,-,0,0,True,0,0,0,2026-02-10T08:49:06.146273Z
2026-02-11T00:49:05.459897+08:00,00000000-0000-0000-0000000000a2,,0,-,0,0,True,0,0,0,2026-02-10T08:49:06.146277Z
2026-02-11T00:49:05.459897+08:00,00000000-0000-0000-0000000000a1,,0,-,0,0,True,0,0,0,2026-02-10T08:49:06.146300Z
2026-02-11T00:49:05.459897+08:00,00000000-0000-0000-0000000000a0,,0,-,0,0,True,0,0,0,2026-02-10T08:49:06.146307Z
2026-02-11T00:49:05.459897+08:00,00000000-0000-0000-00000000009f,,0,-,0,0,True,0,0,0,2026-02-10T08:49:06.146311Z
2026-02-11T00:49:05.459897+08:00,00000000-0000-0000-00000000009e,,0,-,0,0,True,0,0,0,2026-02-10T08:49:06.146315Z
2026-02-11T00:49:05.459897+08:00,00000000-0000-0000-00000000009d,,0,-,0,0,True,0,0,0,2026-02-10T08:49:06.146322Z
2026-02-11T00:49:05.459897+08:00,00000000-0000-0000-00000000009c,,0,-,0,0,True,0,0,0,2026-02-10T08:49:06.146326Z
2026-02-11T00:49:05.459897+08:00,00000000-0000-0000-00000000009b,,0,-,0,0,True,0,0,0,2026-02-10T08:49:06.146330Z
2026-02-11T00:49:05.459897+08:00,00000000-0000-0000-00000000009a,,0,-,0,0,True,0,0,0,2026-02-10T08:49:06.146335Z
2026-02-11T00:49:05.459897+08:00,00000000-0000-0000-000000000099,,0,-,0,0,True,0,0,0,2026-02-10T08:49:06.146340Z
2026-02-11T00:49:05.459897+08:00,00000000-0000-0000-000000000098,,0,-,0,0,True,0,0,0,2026-02-10T08:49:06.146344Z
2026-02-11T00:49:05.459897+08:00,00000000-0000-0000-000000000097,,0,-,0,0,True,0,0,0,2026-02-10T08:49:06.146349Z
2026-02-11T00:49:05.459897+08:00,00000000-0000-0000-000000000096,,0,-,0,0,True,0,0,0,2026-02-10T08:49:06.146355Z
2026-02-11T00:49:05.459897+08:00,00000000-0000-0000-000000000095,,0,-,0,0,True,0,0,0,2026-02-10T08:49:06.146358Z
2026-02-11T00:49:05.459897+08:00,00000000-0000-0000-000000000094,,0,-,0,0,True,0,0,0,2026-02-10T08:49:06.146363Z
2026-02-11T00:49:05.459897+08:00,00000000-0000-0000-000000000093,,0,-,0,0,True,0,0,0,2026-02-10T08:49:06.146367Z
2026-02-11T00:49:05.459897+08:00,00000000-0000-0000-000000000092,,0,-,0,0,True,0,0,0,2026-02-10T08:49:06.146372Z
2026-02-11T00:49:05.459897+08:00,00000000-0000-0000-000000000091,,0,-,0,0,True,0,0,0,2026-02-10T08:49:06.146379Z
2026-02-11T00:49:05.459897+08:00,00000000-0000-0000-000000000081,,0,-,0,0,True,0,0,0,2026-02-10T08:49:06.146384Z
2026-02-11T00:49:05.459897+08:00,00000000-0000-0000-000000000080,Western Wholesale Food Market ,0,-,0,0,True,0,0,0,2026-02-10T08:49:06.146391Z
2026-02-11T00:49:05.459897+08:00,00000000-0000-0000-00000000007c,,0,-,0,0,True,0,0,0,2026-02-10T08:49:06.146398Z
2026-02-11T00:49:05.459897+08:00,00000000-0000-0000-00000000007b,,0,-,0,0,True,0,0,0,2026-02-10T08:49:06.146403Z
2026-02-11T00:49:05.459897+08:00,00000000-0000-0000-000000000073,,0,-,0,0,True,0,0,0,2026-02-10T08:49:06.146417Z
2026-02-11T00:49:05.459897+08:00,00000000-0000-0000-000000000072,,0,-,0,0,True,0,0,0,2026-02-10T08:49:06.146420Z
2026-02-11T00:49:05.459897+08:00,00000000-0000-0000-000000000067,,0,-,0,0,True,0,0,0,2026-02-10T08:49:06.146429Z
2026-02-11T00:49:05.459897+08:00,00000000-0000-0000-000000000066,,0,-,0,0,True,0,0,0,2026-02-10T08:49:06.146432Z
2026-02-11T00:49:05.459897+08:00,00000000-0000-0000-000000000064,Hoi Wah Road,0,-,0,0,True,0,0,0,2026-02-10T08:49:06.146438Z
2026-02-11T00:49:05.459897+08:00,00000000-0000-0000-000000000062,,0,-,0,0,True,0,0,0,2026-02-10T08:49:06.146441Z
2026-02-11T00:49:05.459897+08:00,00000000-0000-0000-000000000061,,0,-,0,0,True,0,0,0,2026-02-10T08:49:06.146444Z
2026-02-11T00:49:05.459897+08:00,00000000-0000-0000-00000000005e,,0,-,0,0,True,0,0,0,2026-02-10T08:49:06.146451Z
2026-02-11T00:49:05.459897+08:00,00000000-0000-0000-00000000001e,No. 8 Observatory Road,0,-,0,1,False,1,1,1,2026-02-10T08:49:06.146468Z
2026-02-11T00:49:05.459897+08:00,00000000-0000-0000-00000000001c,,0,-,0,0,True,0,0,0,2026-02-10T08:49:06.146471Z
2026-02-11T00:49:05.459897+08:00,00000000-0000-0000-00000000001a,,0,-,0,239,False,239,239,239,2026-02-10T08:49:06.146475Z
2026-02-11T00:49:05.459897+08:00,00000000-0000-0000-000000000019,,0,-,0,0,True,0,0,0,2026-02-10T08:49:06.146479Z
2026-02-11T00:49:05.459897+08:00,00000000-0000-0000-000000000018,,0,-,0,0,True,0,0,0,2026-02-10T08:49:06.146484Z
2026-02-11T00:49:05.459897+08:00,00000000-0000-0000-000000000017,,0,-,0,0,True,0,0,0,2026-02-10T08:49:06.146488Z
2026-02-11T00:49:05.459897+08:00,00000000-0000-0000-000000000015,,0,-,0,0,True,0,0,0,2026-02-10T08:49:06.146493Z
2026-02-11T00:49:05.459897+08:00,00000000-0000-0000-000000000014,,0,-,0,0,True,0,0,0,2026-02-10T08:49:06.146497Z
2026-02-11T00:49:05.459897+08:00,00000000-0000-0000-000000000012,,0,-,0,0,True,0,0,0,2026-02-10T08:49:06.146501Z
2026-02-11T00:49:05.459897+08:00,00000000-0000-0000-00000000000a,,0,-,0,0,True,0,0,0,2026-02-10T08:49:06.146512Z
2026-02-11T00:49:05.459897+08:00,00000000-0000-0000-000000000009,,0,-,0,0,True,0,0,0,2026-02-10T08:49:06.146517Z
2026-02-11T00:49:05.459897+08:00,00000000-0000-0000-000000000003,,0,-,0,0,True,0,0,0,2026-02-10T08:49:06.146526Z
2026-02-11T00:49:05.459897+08:00,00000000-0000-0000-00000000012e,Verbena Heights,0,-,0,0,True,0,0,0,2026-02-10T08:49:06.146910Z
2026-02-11T00:49:05.459897+08:00,00000000-0000-0000-00000000012f,,0,-,0,0,True,0,0,0,2026-02-10T08:49:06.146917Z
2026-02-11T00:49:05.459897+08:00,00000000-0000-0000-000000000130,The Pinnacle,0,-,0,0,True,0,0,0,2026-02-10T08:49:06.146922Z
2026-02-11T00:49:05.459897+08:00,00000000-0000-0000-000000000132,,0,-,0,0,True,0,0,0,2026-02-10T08:49:06.146929Z
2026-02-11T00:49:05.459897+08:00,00000000-0000-0000-000000000005,,0,-,0,0,True,0,0,0,2026-02-10T08:49:06.146970Z
2026-02-11T00:49:05.459897+08:00,00000000-0000-0000-00000000013f,,0,-,0,0,True,0,0,0,2026-02-10T08:49:06.146981Z
2026-02-11T00:49:05.459897+08:00,00000000-0000-0000-000000000141,,0,-,0,0,True,0,0,0,2026-02-10T08:49:06.146988Z
2026-02-11T00:49:05.459897+08:00,00000000-0000-0000-000000000146,,0,-,0,0,True,0,0,0,2026-02-10T08:49:06.146998Z
2026-02-11T00:49:05.459897+08:00,00000000-0000-0000-000000000082,,0,-,0,0,True,0,0,0,2026-02-10T08:49:06.147064Z
2026-02-11T00:49:05.459897+08:00,00000000-0000-0000-000000000086,,0,-,0,0,True,0,0,0,2026-02-10T08:49:06.147072Z
2026-02-11T00:49:05.459897+08:00,00000000-0000-0000-000000000087,,0,-,0,0,True,0,0,0,2026-02-10T08:49:06.147078Z
2026-02-11T00:49:05.459897+08:00,00000000-0000-0000-000000000088,,0,-,0,0,True,0,0,0,2026-02-10T08:49:06.147081Z
2026-02-11T00:49:05.459897+08:00,00000000-0000-0000-00000000008b,,0,-,0,0,True,0,0,0,2026-02-10T08:49:06.147087Z
2026-02-11T00:49:05.459897+08:00,00000000-0000-0000-00000000008d,,0,-,0,0,True,0,0,0,2026-02-10T08:49:06.147092Z
2026-02-11T00:49:05.459897+08:00,00000000-0000-0000-00000000008e,,0,-,0,0,True,0,0,0,2026-02-10T08:49:06.147098Z
2026-02-11T00:49:05.459897+08:00,00000000-0000-0000-000000000136,,0,-,0,0,True,0,0,0,2026-02-10T08:49:06.147104Z
2026-02-11T00:49:05.459897+08:00,00000000-0000-0000-000000000137,,0,-,0,0,True,0,0,0,2026-02-10T08:49:06.147109Z
2026-02-11T00:49:05.459897+08:00,00000000-0000-0000-000000000032,,0,-,0,0,True,0,0,0,2026-02-10T08:49:06.147115Z
2026-02-11T00:49:05.459897+08:00,00000000-0000-0000-000000000140,,0,-,0,0,True,0,0,0,2026-02-10T08:49:06.147125Z
2026-02-11T00:49:05.459897+08:00,00000000-0000-0000-000000000142,,0,-,0,0,True,0,0,0,2026-02-10T08:49:06.147134Z
2026-02-11T00:49:05.459897+08:00,00000000-0000-0000-000000000143,,0,-,0,0,True,0,0,0,2026-02-10T08:49:06.147140Z
2026-02-11T00:49:05.459897+08:00,00000000-0000-0000-000000000144,,0,-,0,0,True,0,0,0,2026-02-10T08:49:06.147147Z
2026-02-11T00:49:05.459897+08:00,00000000-0000-0000-000000000145,,0,-,0,0,True,0,0,0,2026-02-10T08:49:06.147152Z
2026-02-11T00:49:05.459897+08:00,00000000-0000-0000-000000000148,,0,-,0,0,True,0,0,0,2026-02-10T08:49:06.147169Z
2026-02-11T00:49:05.459897+08:00,00000000-0000-0000-000000000151,,0,-,0,0,True,0,0,0,2026-02-10T08:49:06.147216Z
2026-02-11T00:49:05.459897+08:00,00000000-0000-0000-00000000015c,,0,-,0,0,True,0,0,0,2026-02-10T08:49:06.147301Z
2026-02-11T00:49:05.459897+08:00,00000000-0000-0000-00000000015d,,0,-,0,0,True,0,0,0,2026-02-10T08:49:06.147306Z
2026-02-11T00:49:05.459897+08:00,00000000-0000-0000-00000000015e,,0,-,0,0,True,0,0,0,2026-02-10T08:49:06.147315Z
2026-02-11T00:49:05.459897+08:00,00000000-0000-0000-00000000015f,,0,-,0,0,True,0,0,0,2026-02-10T08:49:06.147322Z
2026-02-11T00:49:05.459897+08:00,00000000-0000-0000-000000000160,,0,-,0,0,True,0,0,0,2026-02-10T08:49:06.147328Z
2026-02-11T00:49:05.459897+08:00,00000000-0000-0000-000000000161,,0,-,0,0,True,0,0,0,2026-02-10T08:49:06.147333Z
2026-02-11T00:49:05.459897+08:00,00000000-0000-0000-000000000162,,0,-,0,0,True,0,0,0,2026-02-10T08:49:06.147335Z
2026-02-11T00:49:05.459897+08:00,00000000-0000-0000-000000000163,,0,-,0,0,True,0,0,0,2026-02-10T08:49:06.147341Z
2026-02-11T00:49:05.459897+08:00,00000000-0000-0000-000000000164,,0,-,0,0,True,0,0,0,2026-02-10T08:49:06.147349Z
2026-02-11T00:49:05.459897+08:00,00000000-0000-0000-000000000168,,0,-,0,0,True,0,0,0,2026-02-10T08:49:06.147358Z
2026-02-11T00:49:05.459897+08:00,00000000-0000-0000-000000000165,,0,-,0,0,True,0,0,0,2026-02-10T08:49:06.147360Z
2026-02-11T00:49:05.459897+08:00,00000000-0000-0000-000000000169,,0,-,0,0,True,0,0,0,2026-02-10T08:49:06.147370Z
2026-02-11T00:49:05.459897+08:00,00000000-0000-0000-00000000016a,,0,-,0,0,True,0,0,0,2026-02-10T08:49:06.147376Z
2026-02-11T00:49:05.459897+08:00,00000000-0000-0000-00000000016b,,0,-,0,0,True,0,0,0,2026-02-10T08:49:06.147380Z
2026-02-11T00:49:05.459897+08:00,00000000-0000-0000-00000000016c,,0,-,0,0,True,0,0,0,2026-02-10T08:49:06.147386Z
2026-02-11T00:49:05.459897+08:00,00000000-0000-0000-000000000166,,0,-,0,0,True,0,0,0,2026-02-10T08:49:06.147389Z
2026-02-11T00:49:05.459897+08:00,00000000-0000-0000-000000000167,,0,-,0,0,True,0,0,0,2026-02-10T08:49:06.147397Z
2026-02-11T00:49:05.459897+08:00,00000000-0000-0000-000000000159,Tsuen Wan West Station,0,-,0,5,False,5,5,5,2026-02-10T08:49:06.147406Z
2026-02-11T00:49:05.459897+08:00,00000000-0000-0000-00000000015a,,0,-,0,0,True,0,0,0,2026-02-10T08:49:06.147418Z
2026-02-11T00:49:05.459897+08:00,00000000-0000-0000-00000000016f,,0,-,0,0,True,0,0,0,2026-02-10T08:49:06.147428Z
2026-02-11T00:49:05.459897+08:00,00000000-0000-0000-000000000174,Clague Garden Estate,0,-,0,0,True,0,0,0,2026-02-10T08:49:06.147438Z
2026-02-11T00:49:05.459897+08:00,00000000-0000-0000-00000000018e,,0,-,0,0,True,0,0,0,2026-02-10T08:49:06.147476Z
2026-02-11T00:49:05.459897+08:00,00000000-0000-0000-000000000195,,0,-,0,0,True,0,0,0,2026-02-10T08:49:06.147493Z
2026-02-11T00:49:05.459897+08:00,00000000-0000-0000-000000000192,,0,-,0,0,True,0,0,0,2026-02-10T08:49:06.147540Z
2026-02-11T00:49:05.459897+08:00,00000000-0000-0000-000000000193,Mei Foo Sun Chuen Stage 8,0,-,0,0,True,0,0,0,2026-02-10T08:49:06.147543Z
2026-02-11T00:49:05.459897+08:00,00000000-0000-0000-000000000173,,0,-,0,0,True,0,0,0,2026-02-10T08:49:06.147550Z
2026-02-11T00:49:05.459897+08:00,00000000-0000-0000-00000000018f,Cayman Rise,0,-,0,0,True,0,0,0,2026-02-10T08:49:06.147565Z
2026-02-11T00:49:05.459897+08:00,00000000-0000-0000-0000000001a5,Scramble Hill,0,-,0,948,False,948,948,948,2026-02-10T08:49:06.147627Z
2026-02-11T00:49:05.459897+08:00,00000000-0000-0000-000000000147,,0,-,0,7,False,7,7,7,2026-02-10T08:49:06.147813Z
2026-02-11T00:49:05.459897+08:00,00000000-0000-0000-0000000001c0,Yue Ying Lau,0,-,0,0,True,0,0,0,2026-02-10T08:49:06.147845Z
2026-02-11T00:49:05.459897+08:00,00000000-0000-0000-0000000001c2,Wonderland Villas (Southern),0,-,0,0,True,0,0,0,2026-02-10T08:49:06.147853Z
2026-02-11T00:49:05.459897+08:00,00000000-0000-0000-0000000001c5,Pak Shing Kok Road Public Car Park,0,-,0,10,False,10,10,10,2026-02-10T08:49:06.147863Z
2026-02-11T00:49:05.459897+08:00,00000000-0000-0000-0000000001c8,Tseung Kwan O Government Offices Public Car Park,0,-,0,33,False,33,33,33,2026-02-10T08:49:06.147875Z
2026-02-11T00:49:05.459897+08:00,00000000-0000-0000-0000000001c9,International Gateway Centre (IGC) ,0,-,0,0,True,0,0,0,2026-02-10T08:49:06.147897Z
2026-02-11T00:49:05.459897+08:00,00000000-0000-0000-0000000001cc,,0,-,0,0,True,0,0,0,2026-02-10T08:49:06.147909Z
